timestamp,event_type,signal,order,reason,fill_time,fill_price,slippage_bps,latency_bars,quantity,position_before,position_after,pyramid_event,stop_event,commission,funding_payment
1782259200005000192,funding,,FUNDING,perpetual_funding_settlement,,62760.6,,,,0.0,0.0,False,False,,-0.0
1782263820000000000,execution,SELL,SELL,turtle_short_failsafe,1782263880000000000,62755.22385,1.0,1,1.0,0.0,-1.0,False,False,31.377611925,
1782264240000000000,execution,EXIT,FLAT,turtle_short_stop,1782264300000000000,62879.48731999999,1.0,1,1.0,-1.0,0.0,False,True,31.439743659999998,
1782264660000000000,execution,BUY,BUY,turtle_long_breakout,1782264720000000000,63085.407909999994,1.0,1,1.0,0.0,1.0,False,False,31.542703954999997,
1782264720000000000,execution,BUY,BUY,turtle_long_add,1782264780000000000,63035.80295,1.0,1,1.0,1.0,2.0,True,False,31.517901475,
1782265260000000000,execution,EXIT,FLAT,turtle_long_trailing_exit,1782265320000000000,62897.409629999995,1.0,1,2.0,2.0,0.0,False,False,62.89740963,
1782267420000000000,execution,SELL,SELL,turtle_short_failsafe,1782267480000000000,62763.42303,1.0,1,1.0,0.0,-1.0,False,False,31.381711515,
1782267480000000000,execution,SELL,SELL,turtle_short_add,1782267540000000000,62742.12516,1.0,1,1.0,-1.0,-2.0,True,False,31.371062580000004,
1782267540000000000,execution,SELL,SELL,turtle_short_add,1782267600000000000,62733.526020000005,1.0,1,1.0,-2.0,-3.0,True,False,31.366763010000003,
1782268200000000000,execution,EXIT,FLAT,turtle_short_trailing_exit,1782268260000000000,62750.67444,1.0,1,3.0,-3.0,0.0,False,False,94.12601166,
1782268620000000000,execution,SELL,SELL,turtle_short_failsafe,1782268680000000000,62641.13526,1.0,1,1.0,0.0,-1.0,False,False,31.320567630000003,
1782268740000000000,execution,SELL,SELL,turtle_short_add,1782268800000000000,62621.83719,1.0,1,1.0,-1.0,-2.0,True,False,31.310918595,
1782268740000000000,execution,SELL,SELL,turtle_short_add,1782268800000000000,62621.83719,1.0,1,1.0,-2.0,-3.0,True,False,31.310918595,
1782268800000000000,execution,EXIT,FLAT,turtle_short_stop,1782268860000000000,62740.17339,1.0,1,3.0,-3.0,0.0,False,True,94.11026008500001,
1782268860000000000,execution,BUY,BUY,turtle_long_breakout,1782268920000000000,62773.076680000006,1.0,1,1.0,0.0,1.0,False,False,31.386538340000005,
1782269160000000000,execution,EXIT,FLAT,turtle_long_stop,1782269220000000000,62685.7308,1.0,1,1.0,1.0,0.0,False,True,31.3428654,
1782270240000000000,execution,SELL,SELL,turtle_short_breakout,1782270300000000000,62601.23925,1.0,1,1.0,0.0,-1.0,False,False,31.300619625,
1782270300000000000,execution,SELL,SELL,turtle_short_add,1782270360000000000,62549.64441,1.0,1,1.0,-1.0,-2.0,True,False,31.274822205,
1782270420000000000,execution,SELL,SELL,turtle_short_add,1782270480000000000,62557.64361,1.0,1,1.0,-2.0,-3.0,True,False,31.278821805,
1782270540000000000,execution,EXIT,FLAT,turtle_short_stop,1782270600000000000,62591.75855,1.0,1,3.0,-3.0,0.0,False,True,93.887637825,
1782270900000000000,execution,SELL,SELL,turtle_short_breakout,1782270960000000000,62505.44883,1.0,1,1.0,0.0,-1.0,False,False,31.252724415000003,
1782270960000000000,execution,SELL,SELL,turtle_short_add,1782271020000000000,62497.7496,1.0,1,1.0,-1.0,-2.0,True,False,31.248874800000003,
1782270960000000000,execution,SELL,SELL,turtle_short_add,1782271020000000000,62497.7496,1.0,1,1.0,-2.0,-3.0,True,False,31.248874800000003,
1782271560000000000,execution,EXIT,FLAT,turtle_short_trailing_exit,1782271620000000000,62580.057380000006,1.0,1,3.0,-3.0,0.0,False,False,93.87008607000001,
1782272100000000000,execution,BUY,BUY,turtle_long_failsafe,1782272160000000000,62768.67624,1.0,1,1.0,0.0,1.0,False,False,31.384338120000002,
1782272220000000000,execution,BUY,BUY,turtle_long_add,1782272280000000000,62786.37801,1.0,1,1.0,1.0,2.0,True,False,31.393189005,
1782272880000000000,execution,EXIT,FLAT,turtle_long_trailing_exit,1782272940000000000,62769.12246,1.0,1,2.0,2.0,0.0,False,False,62.76912246,
1782274980000000000,execution,SELL,SELL,turtle_short_failsafe,1782275040000000000,62528.7465,1.0,1,1.0,0.0,-1.0,False,False,31.264373250000002,
1782275040000000000,execution,SELL,SELL,turtle_short_add,1782275100000000000,62494.84989,1.0,1,1.0,-1.0,-2.0,True,False,31.247424945,
1782275040000000000,execution,SELL,SELL,turtle_short_add,1782275100000000000,62494.84989,1.0,1,1.0,-2.0,-3.0,True,False,31.247424945,
1782275280000000000,execution,EXIT,FLAT,turtle_short_stop,1782275340000000000,62586.65804,1.0,1,3.0,-3.0,0.0,False,True,93.87998706,
1782275520000000000,execution,BUY,BUY,turtle_long_breakout,1782275580000000000,62717.07108,1.0,1,1.0,0.0,1.0,False,False,31.358535540000002,
1782275580000000000,execution,BUY,BUY,turtle_long_add,1782275640000000000,62670.16639,1.0,1,1.0,1.0,2.0,True,False,31.335083195,
1782276000000000000,execution,EXIT,FLAT,turtle_long_stop,1782276060000000000,62636.43573,1.0,1,2.0,2.0,0.0,False,True,62.636435729999995,
1782276420000000000,execution,BUY,BUY,turtle_long_breakout,1782276480000000000,62762.67564,1.0,1,1.0,0.0,1.0,False,False,31.381337820000002,
1782276480000000000,execution,BUY,BUY,turtle_long_add,1782276540000000000,62743.573730000004,1.0,1,1.0,1.0,2.0,True,False,31.371786865000004,
1782276600000000000,execution,BUY,BUY,turtle_long_add,1782276660000000000,62756.77505,1.0,1,1.0,2.0,3.0,True,False,31.378387524999997,
1782276720000000000,execution,EXIT,FLAT,turtle_long_stop,1782276780000000000,62727.02667000001,1.0,1,3.0,3.0,0.0,False,True,94.09054000500002,
1782277380000000000,execution,BUY,BUY,turtle_long_breakout,1782277440000000000,62795.97897,1.0,1,1.0,0.0,1.0,False,False,31.397989485,
1782277500000000000,execution,EXIT,FLAT,turtle_long_trailing_exit,1782277560000000000,62677.23165,1.0,1,1.0,1.0,0.0,False,False,31.338615825,
1782277740000000000,execution,BUY,BUY,turtle_long_failsafe,1782277800000000000,62803.2797,1.0,1,1.0,0.0,1.0,False,False,31.40163985,
1782277860000000000,execution,BUY,BUY,turtle_long_add,1782277920000000000,62810.58043,1.0,1,1.0,1.0,2.0,True,False,31.405290215,
1782278040000000000,execution,EXIT,FLAT,turtle_long_stop,1782278100000000000,62753.424029999995,1.0,1,2.0,2.0,0.0,False,True,62.75342403,
1782278220000000000,execution,BUY,BUY,turtle_long_breakout,1782278280000000000,62836.08298,1.0,1,1.0,0.0,1.0,False,False,31.41804149,
1782278280000000000,execution,BUY,BUY,turtle_long_add,1782278340000000000,62853.18469,1.0,1,1.0,1.0,2.0,True,False,31.426592345000003,
1782278460000000000,execution,EXIT,FLAT,turtle_long_trailing_exit,1782278520000000000,62774.32194,1.0,1,2.0,2.0,0.0,False,False,62.77432194,
1782278700000000000,execution,BUY,BUY,turtle_long_failsafe,1782278760000000000,62842.88366,1.0,1,1.0,0.0,1.0,False,False,31.42144183,
1782279120000000000,execution,BUY,BUY,turtle_long_add,1782279180000000000,62887.68814,1.0,1,1.0,1.0,2.0,True,False,31.44384407,
1782279120000000000,execution,BUY,BUY,turtle_long_add,1782279180000000000,62887.68814,1.0,1,1.0,2.0,3.0,True,False,31.44384407,
1782280200000000000,execution,EXIT,FLAT,turtle_long_trailing_exit,1782280260000000000,62863.91298,1.0,1,3.0,3.0,0.0,False,False,94.29586947000001,
1782283500000000000,execution,SELL,SELL,turtle_short_failsafe,1782283560000000000,62734.925879999995,1.0,1,1.0,0.0,-1.0,False,False,31.36746294,
1782283560000000000,execution,SELL,SELL,turtle_short_add,1782283620000000000,62758.42353,1.0,1,1.0,-1.0,-2.0,True,False,31.379211765,
1782283740000000000,execution,SELL,SELL,turtle_short_add,1782283800000000000,62715.42783,1.0,1,1.0,-2.0,-3.0,True,False,31.357713915,
1782283980000000000,execution,EXIT,FLAT,turtle_short_stop,1782284040000000000,62775.77695,1.0,1,3.0,-3.0,0.0,False,True,94.163665425,
1782284580000000000,execution,SELL,SELL,turtle_short_breakout,1782284640000000000,62691.63021,1.0,1,1.0,0.0,-1.0,False,False,31.345815105000003,
1782284640000000000,execution,EXIT,FLAT,turtle_short_stop,1782284700000000000,62786.177990000004,1.0,1,1.0,-1.0,0.0,False,True,31.393088995000003,
1782284700000000000,execution,BUY,BUY,turtle_long_breakout,1782284760000000000,62729.77235,1.0,1,1.0,0.0,1.0,False,False,31.364886175,
1782284760000000000,execution,EXIT,FLAT,turtle_long_stop,1782284820000000000,62702.82909,1.0,1,1.0,1.0,0.0,False,True,31.351414545,
1782284820000000000,execution,SELL,SELL,turtle_short_breakout,1782284880000000000,62672.13216,1.0,1,1.0,0.0,-1.0,False,False,31.336066080000002,
1782284880000000000,execution,SELL,SELL,turtle_short_add,1782284940000000000,62720.927279999996,1.0,1,1.0,-1.0,-2.0,True,False,31.36046364,
1782285120000000000,execution,EXIT,FLAT,turtle_short_stop,1782285180000000000,62774.2768,1.0,1,2.0,-2.0,0.0,False,True,62.7742768,
1782285180000000000,execution,BUY,BUY,turtle_long_breakout,1782285240000000000,62805.17989,1.0,1,1.0,0.0,1.0,False,False,31.402589945,
1782285240000000000,execution,BUY,BUY,turtle_long_add,1782285300000000000,62794.97887,1.0,1,1.0,1.0,2.0,True,False,31.397489435,
1782285420000000000,execution,EXIT,FLAT,turtle_long_stop,1782285480000000000,62723.727,1.0,1,2.0,2.0,0.0,False,True,62.723727000000004,
1782286140000000000,execution,SELL,SELL,turtle_short_breakout,1782286200000000000,62634.23595,1.0,1,1.0,0.0,-1.0,False,False,31.317117975000002,
1782286320000000000,execution,SELL,SELL,turtle_short_add,1782286380000000000,62676.83169,1.0,1,1.0,-1.0,-2.0,True,False,31.338415845,
1782286500000000000,execution,SELL,SELL,turtle_short_add,1782286560000000000,62630.33634,1.0,1,1.0,-2.0,-3.0,True,False,31.31516817,
1782287160000000000,execution,EXIT,FLAT,turtle_short_trailing_exit,1782287220000000000,62706.06998,1.0,1,3.0,-3.0,0.0,False,False,94.05910497,
1782287280000000000,execution,SELL,SELL,turtle_short_failsafe,1782287340000000000,62634.635910000005,1.0,1,1.0,0.0,-1.0,False,False,31.317317955000004,
1782287580000000000,execution,SELL,SELL,turtle_short_add,1782287640000000000,62579.041470000004,1.0,1,1.0,-1.0,-2.0,True,False,31.289520735000004,
1782287700000000000,execution,EXIT,FLAT,turtle_short_stop,1782287760000000000,62633.06268,1.0,1,2.0,-2.0,0.0,False,True,62.63306268,
1782288000005000192,funding,,FUNDING,perpetual_funding_settlement,,62645.1,,,,0.0,0.0,False,False,,-0.0
1782289080000000000,execution,BUY,BUY,turtle_long_breakout,1782289140000000000,62692.76865,1.0,1,1.0,0.0,1.0,False,False,31.346384325,
1782289140000000000,execution,BUY,BUY,turtle_long_add,1782289200000000000,62627.46212,1.0,1,1.0,1.0,2.0,True,False,31.31373106,
1782289200000000000,execution,EXIT,FLAT,turtle_long_stop,1782289260000000000,62643.735,1.0,1,2.0,2.0,0.0,False,True,62.643735,
1782289380000000000,execution,BUY,BUY,turtle_long_breakout,1782289440000000000,62688.2682,1.0,1,1.0,0.0,1.0,False,False,31.3441341,
1782289920000000000,execution,BUY,BUY,turtle_long_add,1782289980000000000,62753.37471,1.0,1,1.0,1.0,2.0,True,False,31.376687354999998,
1782289920000000000,execution,BUY,BUY,turtle_long_add,1782289980000000000,62753.37471,1.0,1,1.0,2.0,3.0,True,False,31.376687354999998,
1782291660000000000,execution,EXIT,FLAT,turtle_long_trailing_exit,1782291720000000000,62707.82859,1.0,1,3.0,3.0,0.0,False,False,94.061742885,
1782293340000000000,execution,SELL,SELL,turtle_short_failsafe,1782293400000000000,62649.034470000006,1.0,1,1.0,0.0,-1.0,False,False,31.324517235000005,
1782293460000000000,execution,SELL,SELL,turtle_short_add,1782293520000000000,62607.738600000004,1.0,1,1.0,-1.0,-2.0,True,False,31.303869300000002,
1782293460000000000,execution,SELL,SELL,turtle_short_add,1782293520000000000,62607.738600000004,1.0,1,1.0,-2.0,-3.0,True,False,31.303869300000002,
1782293640000000000,execution,EXIT,FLAT,turtle_short_stop,1782293700000000000,62673.2667,1.0,1,3.0,-3.0,0.0,False,True,94.00990005,
1782294000000000000,execution,SELL,SELL,turtle_short_breakout,1782294060000000000,62619.83739,1.0,1,1.0,0.0,-1.0,False,False,31.309918695,
1782294420000000000,execution,EXIT,FLAT,turtle_short_stop,1782294480000000000,62662.76565,1.0,1,1.0,-1.0,0.0,False,True,31.331382825000002,
1782294900000000000,execution,BUY,BUY,turtle_long_breakout,1782294960000000000,62686.76805,1.0,1,1.0,0.0,1.0,False,False,31.343384025,
1782294960000000000,execution,BUY,BUY,turtle_long_add,1782295020000000000,62690.66844,1.0,1,1.0,1.0,2.0,True,False,31.34533422,
1782295140000000000,execution,EXIT,FLAT,turtle_long_stop,1782295200000000000,62643.93498,1.0,1,2.0,2.0,0.0,False,True,62.64393498,
1782295320000000000,execution,SELL,SELL,turtle_short_breakout,1782295380000000000,62581.741200000004,1.0,1,1.0,0.0,-1.0,False,False,31.2908706,
1782295380000000000,execution,SELL,SELL,turtle_short_add,1782295440000000000,62588.44053,1.0,1,1.0,-1.0,-2.0,True,False,31.294220265,
1782295680000000000,execution,EXIT,FLAT,turtle_short_stop,1782295740000000000,62628.2622,1.0,1,2.0,-2.0,0.0,False,True,62.6282622,
1782295860000000000,execution,SELL,SELL,turtle_short_breakout,1782295920000000000,62534.84589,1.0,1,1.0,0.0,-1.0,False,False,31.267422945,
1782295920000000000,execution,SELL,SELL,turtle_short_add,1782295980000000000,62555.143860000004,1.0,1,1.0,-1.0,-2.0,True,False,31.277571930000004,
1782296280000000000,execution,EXIT,FLAT,turtle_short_stop,1782296340000000000,62604.45982,1.0,1,2.0,-2.0,0.0,False,True,62.604459819999995,
1782296340000000000,execution,SELL,SELL,turtle_short_breakout,1782296400000000000,62503.64901,1.0,1,1.0,0.0,-1.0,False,False,31.251824505000002,
1782296400000000000,execution,SELL,SELL,turtle_short_add,1782296460000000000,62503.64901,1.0,1,1.0,-1.0,-2.0,True,False,31.251824505000002,
1782296460000000000,execution,SELL,SELL,turtle_short_add,1782296520000000000,62504.7489,1.0,1,1.0,-2.0,-3.0,True,False,31.25237445,
1782297180000000000,execution,EXIT,FLAT,turtle_short_trailing_exit,1782297240000000000,62581.457519999996,1.0,1,3.0,-3.0,0.0,False,False,93.87218628,
1782298620000000000,execution,SELL,SELL,turtle_short_failsafe,1782298680000000000,62420.157360000005,1.0,1,1.0,0.0,-1.0,False,False,31.210078680000002,
1782298800000000000,execution,SELL,SELL,turtle_short_add,1782298860000000000,62440.65531,1.0,1,1.0,-1.0,-2.0,True,False,31.220327655000002,
1782298980000000000,execution,SELL,SELL,turtle_short_add,1782299040000000000,62412.25815,1.0,1,1.0,-2.0,-3.0,True,False,31.206129075,
1782300240000000000,execution,EXIT,FLAT,turtle_short_trailing_exit,1782300300000000000,62396.239,1.0,1,3.0,-3.0,0.0,False,False,93.5943585,
1782301080000000000,execution,BUY,BUY,turtle_long_failsafe,1782301140000000000,62595.55893,1.0,1,1.0,0.0,1.0,False,False,31.297779465,
1782301260000000000,execution,BUY,BUY,turtle_long_add,1782301320000000000,62647.66414,1.0,1,1.0,1.0,2.0,True,False,31.32383207,
1782301260000000000,execution,BUY,BUY,turtle_long_add,1782301320000000000,62647.66414,1.0,1,1.0,2.0,3.0,True,False,31.32383207,
1782302400000000000,execution,EXIT,FLAT,turtle_long_trailing_exit,1782302460000000000,62813.817989999996,1.0,1,3.0,3.0,0.0,False,False,94.22072698499998,
1782305400000000000,execution,SELL,SELL,turtle_short_failsafe,1782305460000000000,62629.13646,1.0,1,1.0,0.0,-1.0,False,False,31.314568230000003,
1782305460000000000,execution,SELL,SELL,turtle_short_add,1782305520000000000,62593.83999,1.0,1,1.0,-1.0,-2.0,True,False,31.296919995,
1782305460000000000,execution,SELL,SELL,turtle_short_add,1782305520000000000,62593.83999,1.0,1,1.0,-2.0,-3.0,True,False,31.296919995,
1782307980000000000,execution,EXIT,FLAT,turtle_short_trailing_exit,1782308040000000000,62062.80566,1.0,1,3.0,-3.0,0.0,False,False,93.09420848999999,
1782308460000000000,execution,SELL,SELL,turtle_short_failsafe,1782308520000000000,61560.24336,1.0,1,1.0,0.0,-1.0,False,False,30.78012168,
1782308520000000000,execution,SELL,SELL,turtle_short_add,1782308580000000000,61546.04478,1.0,1,1.0,-1.0,-2.0,True,False,30.773022389999998,
1782308580000000000,execution,SELL,SELL,turtle_short_add,1782308640000000000,61497.649620000004,1.0,1,1.0,-2.0,-3.0,True,False,30.748824810000002,
1782310020000000000,execution,EXIT,FLAT,turtle_short_trailing_exit,1782310080000000000,61416.941080000004,1.0,1,3.0,-3.0,0.0,False,False,92.12541162,
1782310380000000000,execution,SELL,SELL,turtle_short_failsafe,1782310440000000000,61143.98499,1.0,1,1.0,0.0,-1.0,False,False,30.571992495,
1782310440000000000,execution,SELL,SELL,turtle_short_add,1782310500000000000,61204.8789,1.0,1,1.0,-1.0,-2.0,True,False,30.602439450000002,
1782310740000000000,execution,SELL,SELL,turtle_short_add,1782310800000000000,60985.80081,1.0,1,1.0,-2.0,-3.0,True,False,30.492900405,
1782311100000000000,execution,EXIT,FLAT,turtle_short_stop,1782311160000000000,61202.1196,1.0,1,3.0,-3.0,0.0,False,True,91.80317939999999,
1782311520000000000,execution,BUY,BUY,turtle_long_breakout,1782311580000000000,61300.1294,1.0,1,1.0,0.0,1.0,False,False,30.650064699999998,
1782311940000000000,execution,EXIT,FLAT,turtle_long_trailing_exit,1782312000000000000,61075.99179,1.0,1,1.0,1.0,0.0,False,False,30.537995895,
1782313680000000000,execution,SELL,SELL,turtle_short_failsafe,1782313740000000000,60819.21747,1.0,1,1.0,0.0,-1.0,False,False,30.409608735000003,
1782313740000000000,execution,SELL,SELL,turtle_short_add,1782313800000000000,60879.311460000004,1.0,1,1.0,-1.0,-2.0,True,False,30.439655730000002,
1782313860000000000,execution,EXIT,FLAT,turtle_short_stop,1782313920000000000,60983.99779,1.0,1,2.0,-2.0,0.0,False,True,60.983997790000004,
1782314520000000000,execution,BUY,BUY,turtle_long_breakout,1782314580000000000,61056.30502,1.0,1,1.0,0.0,1.0,False,False,30.52815251,
1782314640000000000,execution,EXIT,FLAT,turtle_long_stop,1782314700000000000,60915.60783,1.0,1,1.0,1.0,0.0,False,True,30.457803915,
1782314880000000000,execution,SELL,SELL,turtle_short_breakout,1782314940000000000,60825.31686,1.0,1,1.0,0.0,-1.0,False,False,30.41265843,
1782315000000000000,execution,SELL,SELL,turtle_short_add,1782315060000000000,60764.52294,1.0,1,1.0,-1.0,-2.0,True,False,30.382261470000003,
1782315060000000000,execution,SELL,SELL,turtle_short_add,1782315120000000000,60720.22737,1.0,1,1.0,-2.0,-3.0,True,False,30.360113685,
1782316800003000064,funding,,FUNDING,perpetual_funding_settlement,,60258.5,,,,-3.0,-3.0,False,False,,0.048809385000000004
1782317220000000000,execution,EXIT,FLAT,turtle_short_trailing_exit,1782317280000000000,60379.037299999996,1.0,1,3.0,-3.0,0.0,False,False,90.56855594999999,
1782319380000000000,execution,SELL,SELL,turtle_short_failsafe,1782319440000000000,60160.78332,1.0,1,1.0,0.0,-1.0,False,False,30.08039166,
1782319500000000000,execution,SELL,SELL,turtle_short_add,1782319560000000000,60198.779520000004,1.0,1,1.0,-1.0,-2.0,True,False,30.09938976,
1782319560000000000,execution,SELL,SELL,turtle_short_add,1782319620000000000,60055.69383,1.0,1,1.0,-2.0,-3.0,True,False,30.027846914999998,
1782320520000000000,execution,EXIT,FLAT,turtle_short_trailing_exit,1782320580000000000,59968.19622,1.0,1,3.0,-3.0,0.0,False,False,89.95229433,
1782323040000000000,execution,SELL,SELL,turtle_short_failsafe,1782323100000000000,59287.270679999994,1.0,1,1.0,0.0,-1.0,False,False,29.64363534,
1782323160000000000,execution,SELL,SELL,turtle_short_add,1782323220000000000,59202.67914,1.0,1,1.0,-1.0,-2.0,True,False,29.60133957,
1782323220000000000,execution,SELL,SELL,turtle_short_add,1782323280000000000,59094.090000000004,1.0,1,1.0,-2.0,-3.0,True,False,29.547045000000004,
1782323340000000000,execution,EXIT,FLAT,turtle_short_stop,1782323400000000000,59360.83549,1.0,1,3.0,-3.0,0.0,False,True,89.041253235,
1782324360000000000,execution,BUY,BUY,turtle_long_breakout,1782324420000000000,59511.65057,1.0,1,1.0,0.0,1.0,False,False,29.755825285,
1782324480000000000,execution,BUY,BUY,turtle_long_add,1782324540000000000,59481.84759,1.0,1,1.0,1.0,2.0,True,False,29.740923795,
1782324660000000000,execution,BUY,BUY,turtle_long_add,1782324720000000000,59511.45055,1.0,1,1.0,2.0,3.0,True,False,29.755725275,
1782325800000000000,execution,EXIT,FLAT,turtle_long_trailing_exit,1782325860000000000,59647.43466,1.0,1,3.0,3.0,0.0,False,False,89.47115199,
1782329100000000000,execution,BUY,BUY,turtle_long_failsafe,1782329160000000000,59738.27323,1.0,1,1.0,0.0,1.0,False,False,29.869136615,
1782329160000000000,execution,BUY,BUY,turtle_long_add,1782329220000000000,59753.174719999995,1.0,1,1.0,1.0,2.0,True,False,29.87658736,
1782329160000000000,execution,BUY,BUY,turtle_long_add,1782329220000000000,59753.174719999995,1.0,1,1.0,2.0,3.0,True,False,29.87658736,
1782330480000000000,execution,EXIT,FLAT,turtle_long_trailing_exit,1782330540000000000,59745.82482,1.0,1,3.0,3.0,0.0,False,False,89.61873723,
1782330720000000000,execution,BUY,BUY,turtle_long_failsafe,1782330780000000000,59862.38564,1.0,1,1.0,0.0,1.0,False,False,29.93119282,
1782331140000000000,execution,BUY,BUY,turtle_long_add,1782331200000000000,59929.69237,1.0,1,1.0,1.0,2.0,True,False,29.964846185,
1782331140000000000,execution,BUY,BUY,turtle_long_add,1782331200000000000,59929.69237,1.0,1,1.0,2.0,3.0,True,False,29.964846185,
1782334860000000000,execution,EXIT,FLAT,turtle_long_trailing_exit,1782334920000000000,60834.51594,1.0,1,3.0,3.0,0.0,False,False,91.25177391,
1782338400000000000,execution,BUY,BUY,turtle_long_failsafe,1782338460000000000,61106.11,1.0,1,1.0,0.0,1.0,False,False,30.553055,
1782338460000000000,execution,BUY,BUY,turtle_long_add,1782338520000000000,61144.51384,1.0,1,1.0,1.0,2.0,True,False,30.57225692,
1782338460000000000,execution,BUY,BUY,turtle_long_add,1782338520000000000,61144.51384,1.0,1,1.0,2.0,3.0,True,False,30.57225692,
1782338640000000000,execution,EXIT,FLAT,turtle_long_stop,1782338700000000000,61005.598829999995,1.0,1,3.0,3.0,0.0,False,True,91.508398245,
1782339240000000000,execution,SELL,SELL,turtle_short_breakout,1782339300000000000,60967.202670000006,1.0,1,1.0,0.0,-1.0,False,False,30.483601335000003,
1782339300000000000,execution,SELL,SELL,turtle_short_add,1782339360000000000,60919.007489999996,1.0,1,1.0,-1.0,-2.0,True,False,30.459503745,
1782339300000000000,execution,SELL,SELL,turtle_short_add,1782339360000000000,60919.007489999996,1.0,1,1.0,-2.0,-3.0,True,False,30.459503745,
1782342240000000000,execution,EXIT,FLAT,turtle_short_trailing_exit,1782342300000000000,60900.48944,1.0,1,3.0,-3.0,0.0,False,False,91.35073415999999,
1782343380000000000,execution,BUY,BUY,turtle_long_failsafe,1782343440000000000,60980.79747,1.0,1,1.0,0.0,1.0,False,False,30.490398735,
1782343440000000000,execution,BUY,BUY,turtle_long_add,1782343500000000000,60976.197009999996,1.0,1,1.0,1.0,2.0,True,False,30.488098505,
1782343440000000000,execution,BUY,BUY,turtle_long_add,1782343500000000000,60976.197009999996,1.0,1,1.0,2.0,3.0,True,False,30.488098505,
1782343680000000000,execution,EXIT,FLAT,turtle_long_stop,1782343740000000000,60904.708920000005,1.0,1,3.0,3.0,0.0,False,True,91.35706338000001,
1782344040000000000,execution,BUY,BUY,turtle_long_breakout,1782344100000000000,61015.900980000006,1.0,1,1.0,0.0,1.0,False,False,30.507950490000002,
1782344100000000000,execution,BUY,BUY,turtle_long_add,1782344160000000000,61004.899880000004,1.0,1,1.0,1.0,2.0,True,False,30.50244994,
1782344400000000000,execution,EXIT,FLAT,turtle_long_stop,1782344460000000000,60934.50594,1.0,1,2.0,2.0,0.0,False,True,60.93450594,
1782344700000000000,execution,BUY,BUY,turtle_long_breakout,1782344760000000000,61022.40163,1.0,1,1.0,0.0,1.0,False,False,30.511200815000002,
1782344820000000000,execution,EXIT,FLAT,turtle_long_stop,1782344880000000000,60972.70212,1.0,1,1.0,1.0,0.0,False,True,30.48635106,
1782345060000000000,execution,SELL,SELL,turtle_short_breakout,1782345120000000000,60920.9073,1.0,1,1.0,0.0,-1.0,False,False,30.46045365,
1782345240000000000,execution,EXIT,FLAT,turtle_short_stop,1782345300000000000,61043.1037,1.0,1,1.0,-1.0,0.0,False,True,30.52155185,
1782345300000000000,execution,BUY,BUY,turtle_long_breakout,1782345360000000000,61036.103,1.0,1,1.0,0.0,1.0,False,False,30.518051500000002,
1782345360000000000,execution,BUY,BUY,turtle_long_add,1782345420000000000,61071.80656999999,1.0,1,1.0,1.0,2.0,True,False,30.535903284999996,
1782345600000000000,funding,,FUNDING,perpetual_funding_settlement,,61033.6,,,,2.0,2.0,False,False,,1.737016256
1782345960000000000,execution,BUY,BUY,turtle_long_add,1782346020000000000,61106.210009999995,1.0,1,1.0,2.0,3.0,True,False,30.553105005,
1782346200000000000,execution,EXIT,FLAT,turtle_long_trailing_exit,1782346260000000000,61035.19587,1.0,1,3.0,3.0,0.0,False,False,91.55279380500001,
1782347160000000000,execution,SELL,SELL,turtle_short_failsafe,1782347220000000000,60912.50814,1.0,1,1.0,0.0,-1.0,False,False,30.45625407,
1782347400000000000,execution,SELL,SELL,turtle_short_add,1782347460000000000,60903.209070000004,1.0,1,1.0,-1.0,-2.0,True,False,30.451604535,
1782347820000000000,execution,SELL,SELL,turtle_short_add,1782347880000000000,60875.9118,1.0,1,1.0,-2.0,-3.0,True,False,30.437955900000002,
1782348720000000000,execution,EXIT,FLAT,turtle_short_trailing_exit,1782348780000000000,60831.0825,1.0,1,3.0,-3.0,0.0,False,False,91.24662375,
1782349080000000000,execution,SELL,SELL,turtle_short_failsafe,1782349140000000000,60707.62863,1.0,1,1.0,0.0,-1.0,False,False,30.353814315,
1782349200000000000,execution,EXIT,FLAT,turtle_short_stop,1782349260000000000,60855.98499,1.0,1,1.0,-1.0,0.0,False,True,30.427992494999998,
1782350340000000000,execution,SELL,SELL,turtle_short_breakout,1782350400000000000,60752.52414,1.0,1,1.0,0.0,-1.0,False,False,30.376262070000003,
1782350400000000000,execution,EXIT,FLAT,turtle_short_trailing_exit,1782350460000000000,60808.880280000005,1.0,1,1.0,-1.0,0.0,False,False,30.404440140000002,
1782352260000000000,execution,BUY,BUY,turtle_long_failsafe,1782352320000000000,60926.19201,1.0,1,1.0,0.0,1.0,False,False,30.463096005,
1782352320000000000,execution,BUY,BUY,turtle_long_add,1782352380000000000,60937.393130000004,1.0,1,1.0,1.0,2.0,True,False,30.468696565000002,
1782352380000000000,execution,BUY,BUY,turtle_long_add,1782352440000000000,60921.89158,1.0,1,1.0,2.0,3.0,True,False,30.460945790000004,
1782352680000000000,execution,EXIT,FLAT,turtle_long_stop,1782352740000000000,60860.51334,1.0,1,3.0,3.0,0.0,False,True,91.29077000999999,
1782353400000000000,execution,SELL,SELL,turtle_short_breakout,1782353460000000000,60796.81971,1.0,1,1.0,0.0,-1.0,False,False,30.398409855,
1782353460000000000,execution,SELL,SELL,turtle_short_add,1782353520000000000,60767.12268,1.0,1,1.0,-1.0,-2.0,True,False,30.38356134,
1782353460000000000,execution,SELL,SELL,turtle_short_add,1782353520000000000,60767.12268,1.0,1,1.0,-2.0,-3.0,True,False,30.38356134,
1782353940000000000,execution,EXIT,FLAT,turtle_short_trailing_exit,1782354000000000000,60878.0872,1.0,1,3.0,-3.0,0.0,False,False,91.3171308,
1782355800000000000,execution,SELL,SELL,turtle_short_failsafe,1782355860000000000,60674.031989999996,1.0,1,1.0,0.0,-1.0,False,False,30.337015994999998,
1782355860000000000,execution,SELL,SELL,turtle_short_add,1782355920000000000,60683.331060000004,1.0,1,1.0,-1.0,-2.0,True,False,30.341665530000004,
1782356340000000000,execution,EXIT,FLAT,turtle_short_trailing_exit,1782356400000000000,60769.37633,1.0,1,2.0,-2.0,0.0,False,False,60.76937633,
1782357300000000000,execution,SELL,SELL,turtle_short_failsafe,1782357360000000000,60720.42735,1.0,1,1.0,0.0,-1.0,False,False,30.360213675,
1782357420000000000,execution,EXIT,FLAT,turtle_short_stop,1782357480000000000,60770.17641,1.0,1,1.0,-1.0,0.0,False,True,30.385088205000002,
1782358260000000000,execution,BUY,BUY,turtle_long_breakout,1782358320000000000,60806.18001,1.0,1,1.0,0.0,1.0,False,False,30.403090005,
1782358380000000000,execution,EXIT,FLAT,turtle_long_trailing_exit,1782358440000000000,60745.52484,1.0,1,1.0,1.0,0.0,False,False,30.37276242,
1782359700000000000,execution,BUY,BUY,turtle_long_failsafe,1782359760000000000,60852.0846,1.0,1,1.0,0.0,1.0,False,False,30.426042300000002,
1782359880000000000,execution,BUY,BUY,turtle_long_add,1782359940000000000,60873.48674,1.0,1,1.0,1.0,2.0,True,False,30.436743370000002,
1782359880000000000,execution,BUY,BUY,turtle_long_add,1782359940000000000,60873.48674,1.0,1,1.0,2.0,3.0,True,False,30.436743370000002,
1782360420000000000,execution,EXIT,FLAT,turtle_long_trailing_exit,1782360480000000000,60803.919,1.0,1,3.0,3.0,0.0,False,False,91.20587850000001,
1782361380000000000,execution,BUY,BUY,turtle_long_failsafe,1782361440000000000,60885.58795,1.0,1,1.0,0.0,1.0,False,False,30.442793975,
1782361860000000000,execution,EXIT,FLAT,turtle_long_stop,1782361920000000000,60809.718420000005,1.0,1,1.0,1.0,0.0,False,True,30.40485921,
1782362280000000000,execution,BUY,BUY,turtle_long_breakout,1782362340000000000,60894.48884,1.0,1,1.0,0.0,1.0,False,False,30.44724442,
1782362340000000000,execution,BUY,BUY,turtle_long_add,1782362400000000000,60932.59265,1.0,1,1.0,1.0,2.0,True,False,30.466296325,
1782362340000000000,execution,BUY,BUY,turtle_long_add,1782362400000000000,60932.59265,1.0,1,1.0,2.0,3.0,True,False,30.466296325,
1782364860000000000,execution,EXIT,FLAT,turtle_long_trailing_exit,1782364920000000000,61465.35285,1.0,1,3.0,3.0,0.0,False,False,92.19802927500001,
1782365040000000000,execution,BUY,BUY,turtle_long_failsafe,1782365100000000000,61649.1643,1.0,1,1.0,0.0,1.0,False,False,30.824582149999998,
1782365220000000000,execution,EXIT,FLAT,turtle_long_stop,1782365280000000000,61548.34455,1.0,1,1.0,1.0,0.0,False,True,30.774172275,
1782366300000000000,execution,SELL,SELL,turtle_short_breakout,1782366360000000000,61474.551929999994,1.0,1,1.0,0.0,-1.0,False,False,30.737275965,
1782366660000000000,execution,EXIT,FLAT,turtle_short_trailing_exit,1782366720000000000,61643.863769999996,1.0,1,1.0,-1.0,0.0,False,False,30.821931884999998,
1782370560000000000,execution,BUY,BUY,turtle_long_failsafe,1782370620000000000,61797.1791,1.0,1,1.0,0.0,1.0,False,False,30.89858955,
1782370620000000000,execution,BUY,BUY,turtle_long_add,1782370680000000000,61713.97078,1.0,1,1.0,1.0,2.0,True,False,30.856985390000002,
1782370620000000000,execution,BUY,BUY,turtle_long_add,1782370680000000000,61713.97078,1.0,1,1.0,2.0,3.0,True,False,30.856985390000002,
1782370680000000000,execution,EXIT,FLAT,turtle_long_trailing_exit,1782370740000000000,61703.229060000005,1.0,1,3.0,3.0,0.0,False,False,92.55484359,
1782371760000000000,execution,BUY,BUY,turtle_long_failsafe,1782371820000000000,61854.28481,1.0,1,1.0,0.0,1.0,False,False,30.927142404999998,
1782371820000000000,execution,BUY,BUY,turtle_long_add,1782371880000000000,61818.381219999996,1.0,1,1.0,1.0,2.0,True,False,30.90919061,
1782372180000000000,execution,EXIT,FLAT,turtle_long_stop,1782372240000000000,61762.8231,1.0,1,2.0,2.0,0.0,False,True,61.762823100000006,
1782373080000000000,execution,BUY,BUY,turtle_long_breakout,1782373140000000000,61864.88587,1.0,1,1.0,0.0,1.0,False,False,30.932442935,
1782373140000000000,execution,BUY,BUY,turtle_long_add,1782373200000000000,61885.78796,1.0,1,1.0,1.0,2.0,True,False,30.94289398,
1782373200000000000,execution,BUY,BUY,turtle_long_add,1782373260000000000,61920.69145,1.0,1,1.0,2.0,3.0,True,False,30.960345725,
1782373500000000000,execution,EXIT,FLAT,turtle_long_stop,1782373560000000000,61863.613020000004,1.0,1,3.0,3.0,0.0,False,True,92.79541953000002,
1782374400000000000,funding,,FUNDING,perpetual_funding_settlement,,61883.0,,,,0.0,0.0,False,False,,0.0
1782374760000000000,execution,SELL,SELL,turtle_short_breakout,1782374820000000000,61774.22196,1.0,1,1.0,0.0,-1.0,False,False,30.887110980000003,
1782374820000000000,execution,SELL,SELL,turtle_short_add,1782374880000000000,61723.827,1.0,1,1.0,-1.0,-2.0,True,False,30.8619135,
1782374820000000000,execution,SELL,SELL,turtle_short_add,1782374880000000000,61723.827,1.0,1,1.0,-2.0,-3.0,True,False,30.8619135,
1782376080000000000,execution,EXIT,FLAT,turtle_short_trailing_exit,1782376140000000000,61763.77576,1.0,1,3.0,-3.0,0.0,False,False,92.64566364,
1782377820000000000,execution,SELL,SELL,turtle_short_failsafe,1782377880000000000,61666.03278,1.0,1,1.0,0.0,-1.0,False,False,30.83301639,
1782377880000000000,execution,SELL,SELL,turtle_short_add,1782377940000000000,61654.233960000005,1.0,1,1.0,-1.0,-2.0,True,False,30.827116980000003,
1782377880000000000,execution,SELL,SELL,turtle_short_add,1782377940000000000,61654.233960000005,1.0,1,1.0,-2.0,-3.0,True,False,30.827116980000003,
1782378000000000000,execution,EXIT,FLAT,turtle_short_stop,1782378060000000000,61713.77076,1.0,1,3.0,-3.0,0.0,False,True,92.57065614000001,
1782379320000000000,execution,SELL,SELL,turtle_short_breakout,1782379380000000000,61580.94129,1.0,1,1.0,0.0,-1.0,False,False,30.790470645000003,
1782379380000000000,execution,SELL,SELL,turtle_short_add,1782379440000000000,61638.53553,1.0,1,1.0,-1.0,-2.0,True,False,30.819267765000003,
1782379560000000000,execution,EXIT,FLAT,turtle_short_stop,1782379620000000000,61656.165,1.0,1,2.0,-2.0,0.0,False,True,61.656165,
1782380220000000000,execution,BUY,BUY,turtle_long_breakout,1782380280000000000,61749.57434,1.0,1,1.0,0.0,1.0,False,False,30.87478717,
1782381060000000000,execution,BUY,BUY,turtle_long_add,1782381120000000000,61746.67405,1.0,1,1.0,1.0,2.0,True,False,30.873337025,
1782381120000000000,execution,EXIT,FLAT,turtle_long_trailing_exit,1782381180000000000,61711.528229999996,1.0,1,2.0,2.0,0.0,False,False,61.71152823,
1782382800000000000,execution,SELL,SELL,turtle_short_failsafe,1782382860000000000,61568.8425,1.0,1,1.0,0.0,-1.0,False,False,30.78442125,
1782382860000000000,execution,SELL,SELL,turtle_short_add,1782382920000000000,61575.14187000001,1.0,1,1.0,-1.0,-2.0,True,False,30.787570935000005,
1782383040000000000,execution,SELL,SELL,turtle_short_add,1782383100000000000,61553.244060000005,1.0,1,1.0,-2.0,-3.0,True,False,30.776622030000002,
1782386040000000000,execution,EXIT,FLAT,turtle_short_trailing_exit,1782386100000000000,61336.233009999996,1.0,1,3.0,-3.0,0.0,False,False,92.004349515,
1782390000000000000,execution,SELL,SELL,turtle_short_failsafe,1782390060000000000,61151.98419,1.0,1,1.0,0.0,-1.0,False,False,30.575992095000004,
1782390240000000000,execution,EXIT,FLAT,turtle_short_stop,1782390300000000000,61185.917980000006,1.0,1,1.0,-1.0,0.0,False,True,30.592958990000003,
1782390360000000000,execution,SELL,SELL,turtle_short_breakout,1782390420000000000,61101.18927,1.0,1,1.0,0.0,-1.0,False,False,30.550594635000003,
1782390420000000000,execution,SELL,SELL,turtle_short_add,1782390480000000000,61113.98799,1.0,1,1.0,-1.0,-2.0,True,False,30.556993995000003,
1782390420000000000,execution,SELL,SELL,turtle_short_add,1782390480000000000,61113.98799,1.0,1,1.0,-2.0,-3.0,True,False,30.556993995000003,
1782390600000000000,execution,EXIT,FLAT,turtle_short_trailing_exit,1782390660000000000,61480.247409999996,1.0,1,3.0,-3.0,0.0,False,False,92.22037111499999,
1782394260000000000,execution,SELL,SELL,turtle_short_failsafe,1782394320000000000,60944.30496,1.0,1,1.0,0.0,-1.0,False,False,30.472152480000002,
1782394320000000000,execution,SELL,SELL,turtle_short_add,1782394380000000000,60934.80591,1.0,1,1.0,-1.0,-2.0,True,False,30.467402955,
1782394320000000000,execution,SELL,SELL,turtle_short_add,1782394380000000000,60934.80591,1.0,1,1.0,-2.0,-3.0,True,False,30.467402955,
1782394380000000000,execution,EXIT,FLAT,turtle_short_stop,1782394440000000000,61095.20891,1.0,1,3.0,-3.0,0.0,False,True,91.64281336500001,
1782394680000000000,execution,SELL,SELL,turtle_short_breakout,1782394740000000000,60774.72192,1.0,1,1.0,0.0,-1.0,False,False,30.387360960000002,
1782394740000000000,execution,SELL,SELL,turtle_short_add,1782394800000000000,60635.835810000004,1.0,1,1.0,-1.0,-2.0,True,False,30.317917905,
1782394740000000000,execution,SELL,SELL,turtle_short_add,1782394800000000000,60635.835810000004,1.0,1,1.0,-2.0,-3.0,True,False,30.317917905,
1782396420000000000,execution,EXIT,FLAT,turtle_short_trailing_exit,1782396480000000000,59271.026509999996,1.0,1,3.0,-3.0,0.0,False,False,88.90653976499999,
1782400500000000000,execution,SELL,SELL,turtle_short_failsafe,1782400560000000000,58933.306079999995,1.0,1,1.0,0.0,-1.0,False,False,29.466653039999997,
1782400560000000000,execution,SELL,SELL,turtle_short_add,1782400620000000000,58891.31028,1.0,1,1.0,-1.0,-2.0,True,False,29.44565514,
1782400560000000000,execution,SELL,SELL,turtle_short_add,1782400620000000000,58891.31028,1.0,1,1.0,-2.0,-3.0,True,False,29.44565514,
1782400680000000000,execution,EXIT,FLAT,turtle_short_stop,1782400740000000000,59269.02631,1.0,1,3.0,-3.0,0.0,False,True,88.90353946500001,
1782401760000000000,execution,BUY,BUY,turtle_long_breakout,1782401820000000000,59369.13632,1.0,1,1.0,0.0,1.0,False,False,29.684568159999998,
1782402120000000000,execution,EXIT,FLAT,turtle_long_trailing_exit,1782402180000000000,59065.19289,1.0,1,1.0,1.0,0.0,False,False,29.532596445,
1782402960000000000,execution,BUY,BUY,turtle_long_failsafe,1782403020000000000,59611.36054,1.0,1,1.0,0.0,1.0,False,False,29.80568027,
1782403020000000000,execution,BUY,BUY,turtle_long_add,1782403080000000000,59518.45125,1.0,1,1.0,1.0,2.0,True,False,29.759225625,
1782403200000000000,funding,,FUNDING,perpetual_funding_settlement,,59599.1,,,,2.0,2.0,False,False,,-1.88333156
1782403560000000000,execution,EXIT,FLAT,turtle_long_trailing_exit,1782403620000000000,59722.72713,1.0,1,2.0,2.0,0.0,False,False,59.72272713,
1782403680000000000,execution,BUY,BUY,turtle_long_failsafe,1782403740000000000,59745.87399,1.0,1,1.0,0.0,1.0,False,False,29.872936995,
1782403740000000000,execution,BUY,BUY,turtle_long_add,1782403800000000000,59924.19182,1.0,1,1.0,1.0,2.0,True,False,29.962095910000002,
1782403740000000000,execution,BUY,BUY,turtle_long_add,1782403800000000000,59924.19182,1.0,1,1.0,2.0,3.0,True,False,29.962095910000002,
1782405000000000000,execution,EXIT,FLAT,turtle_long_trailing_exit,1782405060000000000,59453.55405,1.0,1,3.0,3.0,0.0,False,False,89.180331075,
1782405900000000000,execution,SELL,SELL,turtle_short_failsafe,1782405960000000000,59190.880320000004,1.0,1,1.0,0.0,-1.0,False,False,29.595440160000003,
1782405960000000000,execution,SELL,SELL,turtle_short_add,1782406020000000000,59189.48046,1.0,1,1.0,-1.0,-2.0,True,False,29.59474023,
1782406200000000000,execution,EXIT,FLAT,turtle_short_trailing_exit,1782406260000000000,59302.22963,1.0,1,2.0,-2.0,0.0,False,False,59.30222963,
1782407160000000000,execution,SELL,SELL,turtle_short_failsafe,1782407220000000000,59123.48706,1.0,1,1.0,0.0,-1.0,False,False,29.56174353,
1782407400000000000,execution,EXIT,FLAT,turtle_short_stop,1782407460000000000,59325.03191,1.0,1,1.0,-1.0,0.0,False,True,29.662515955,
1782407460000000000,execution,BUY,BUY,turtle_long_breakout,1782407520000000000,59310.03041,1.0,1,1.0,0.0,1.0,False,False,29.655015205,
1782407640000000000,execution,BUY,BUY,turtle_long_add,1782407700000000000,59386.83809,1.0,1,1.0,1.0,2.0,True,False,29.693419045,
1782407700000000000,execution,BUY,BUY,turtle_long_add,1782407760000000000,59574.9569,1.0,1,1.0,2.0,3.0,True,False,29.78747845,
1782409500000000000,execution,EXIT,FLAT,turtle_long_trailing_exit,1782409560000000000,59470.35237,1.0,1,3.0,3.0,0.0,False,False,89.205528555,
1782410460000000000,execution,BUY,BUY,turtle_long_failsafe,1782410520000000000,59723.17172,1.0,1,1.0,0.0,1.0,False,False,29.861585859999998,
1782410520000000000,execution,EXIT,FLAT,turtle_long_stop,1782410580000000000,59543.445060000005,1.0,1,1.0,1.0,0.0,False,True,29.77172253,
1782411180000000000,execution,SELL,SELL,turtle_short_breakout,1782411240000000000,59415.35787000001,1.0,1,1.0,0.0,-1.0,False,False,29.707678935000004,
1782411240000000000,execution,SELL,SELL,turtle_short_add,1782411300000000000,59369.46246,1.0,1,1.0,-1.0,-2.0,True,False,29.68473123,
1782411240000000000,execution,SELL,SELL,turtle_short_add,1782411300000000000,59369.46246,1.0,1,1.0,-2.0,-3.0,True,False,29.68473123,
1782411480000000000,execution,EXIT,FLAT,turtle_short_stop,1782411540000000000,59617.56116,1.0,1,3.0,-3.0,0.0,False,True,89.42634174000001,
1782412740000000000,execution,SELL,SELL,turtle_short_breakout,1782412800000000000,59415.45786,1.0,1,1.0,0.0,-1.0,False,False,29.707728930000002,
1782413220000000000,execution,SELL,SELL,turtle_short_add,1782413280000000000,59382.46116,1.0,1,1.0,-1.0,-2.0,True,False,29.69123058,
1782413220000000000,execution,SELL,SELL,turtle_short_add,1782413280000000000,59382.46116,1.0,1,1.0,-2.0,-3.0,True,False,29.69123058,
1782413340000000000,execution,EXIT,FLAT,turtle_short_trailing_exit,1782413400000000000,59469.646369999995,1.0,1,3.0,-3.0,0.0,False,False,89.20446955499999,
1782414300000000000,execution,SELL,SELL,turtle_short_failsafe,1782414360000000000,59330.26638,1.0,1,1.0,0.0,-1.0,False,False,29.665133190000002,
1782414420000000000,execution,SELL,SELL,turtle_short_add,1782414480000000000,59305.96881,1.0,1,1.0,-1.0,-2.0,True,False,29.652984405,
1782414720000000000,execution,SELL,SELL,turtle_short_add,1782414780000000000,59287.270679999994,1.0,1,1.0,-2.0,-3.0,True,False,29.64363534,
1782415500000000000,execution,EXIT,FLAT,turtle_short_trailing_exit,1782415560000000000,59305.32994,1.0,1,3.0,-3.0,0.0,False,False,88.95799491000001,
1782417600000000000,execution,BUY,BUY,turtle_long_failsafe,1782417660000000000,59455.945,1.0,1,1.0,0.0,1.0,False,False,29.7279725,
1782417660000000000,execution,BUY,BUY,turtle_long_add,1782417720000000000,59631.062509999996,1.0,1,1.0,1.0,2.0,True,False,29.815531255,
1782417660000000000,execution,BUY,BUY,turtle_long_add,1782417720000000000,59631.062509999996,1.0,1,1.0,2.0,3.0,True,False,29.815531255,
1782418380000000000,execution,EXIT,FLAT,turtle_long_trailing_exit,1782418440000000000,59522.747129999996,1.0,1,3.0,3.0,0.0,False,False,89.284120695,
1782422700000000000,execution,BUY,BUY,turtle_long_failsafe,1782422760000000000,59660.16542,1.0,1,1.0,0.0,1.0,False,False,29.83008271,
1782422880000000000,execution,BUY,BUY,turtle_long_add,1782422940000000000,59664.66587,1.0,1,1.0,1.0,2.0,True,False,29.832332935,
1782422880000000000,execution,BUY,BUY,turtle_long_add,1782422940000000000,59664.66587,1.0,1,1.0,2.0,3.0,True,False,29.832332935,
1782425220000000000,execution,EXIT,FLAT,turtle_long_trailing_exit,1782425280000000000,59964.60294,1.0,1,3.0,3.0,0.0,False,False,89.94690440999999,
1782426540000000000,execution,SELL,SELL,turtle_short_failsafe,1782426600000000000,59757.52365,1.0,1,1.0,0.0,-1.0,False,False,29.878761825,
1782426720000000000,execution,SELL,SELL,turtle_short_add,1782426780000000000,59736.625739999996,1.0,1,1.0,-1.0,-2.0,True,False,29.868312869999997,
1782426960000000000,execution,EXIT,FLAT,turtle_short_trailing_exit,1782427020000000000,59830.482449999996,1.0,1,2.0,-2.0,0.0,False,False,59.83048245,
1782427740000000000,execution,SELL,SELL,turtle_short_failsafe,1782427800000000000,59725.226879999995,1.0,1,1.0,0.0,-1.0,False,False,29.862613439999997,
1782428040000000000,execution,EXIT,FLAT,turtle_short_stop,1782428100000000000,59825.08191,1.0,1,1.0,-1.0,0.0,False,True,29.912540955,
1782428340000000000,execution,BUY,BUY,turtle_long_breakout,1782428400000000000,59821.081509999996,1.0,1,1.0,0.0,1.0,False,False,29.910540755,
1782428460000000000,execution,BUY,BUY,turtle_long_add,1782428520000000000,59872.386640000004,1.0,1,1.0,1.0,2.0,True,False,29.93619332,
1782428520000000000,execution,BUY,BUY,turtle_long_add,1782428580000000000,59877.88719,1.0,1,1.0,2.0,3.0,True,False,29.938943595,
1782428820000000000,execution,EXIT,FLAT,turtle_long_stop,1782428880000000000,59849.61444,1.0,1,3.0,3.0,0.0,False,True,89.77442166,
1782429240000000000,execution,BUY,BUY,turtle_long_breakout,1782429300000000000,59923.69177,1.0,1,1.0,0.0,1.0,False,False,29.961845885,
1782429300000000000,execution,BUY,BUY,turtle_long_add,1782429360000000000,59913.49075,1.0,1,1.0,1.0,2.0,True,False,29.956745375,
1782429360000000000,execution,BUY,BUY,turtle_long_add,1782429420000000000,59964.89589,1.0,1,1.0,2.0,3.0,True,False,29.982447945,
1782430560000000000,execution,EXIT,FLAT,turtle_long_trailing_exit,1782430620000000000,60046.9947,1.0,1,3.0,3.0,0.0,False,False,90.07049205,
1782431760000000000,execution,SELL,SELL,turtle_short_failsafe,1782431820000000000,59736.92571,1.0,1,1.0,0.0,-1.0,False,False,29.868462855,
1782432000009999872,funding,,FUNDING,perpetual_funding_settlement,,59746.8,,,,-1.0,-1.0,False,False,,3.165385464
1782432120000000000,execution,EXIT,FLAT,turtle_short_trailing_exit,1782432180000000000,59843.9838,1.0,1,1.0,-1.0,0.0,False,False,29.921991900000002,
1782433560000000000,execution,SELL,SELL,turtle_short_failsafe,1782433620000000000,59704.029,1.0,1,1.0,0.0,-1.0,False,False,29.852014500000003,
1782433620000000000,execution,SELL,SELL,turtle_short_add,1782433680000000000,59678.0316,1.0,1,1.0,-1.0,-2.0,True,False,29.839015800000002,
1782434280000000000,execution,EXIT,FLAT,turtle_short_trailing_exit,1782434340000000000,59776.47705,1.0,1,2.0,-2.0,0.0,False,False,59.776477050000004,
1782435240000000000,execution,SELL,SELL,turtle_short_failsafe,1782435300000000000,59613.0381,1.0,1,1.0,0.0,-1.0,False,False,29.80651905,
1782435300000000000,execution,SELL,SELL,turtle_short_add,1782435360000000000,59641.0353,1.0,1,1.0,-1.0,-2.0,True,False,29.820517650000003,
1782435660000000000,execution,EXIT,FLAT,turtle_short_stop,1782435720000000000,59746.87409,1.0,1,2.0,-2.0,0.0,False,True,59.74687409,
1782435840000000000,execution,SELL,SELL,turtle_short_breakout,1782435900000000000,59535.14589,1.0,1,1.0,0.0,-1.0,False,False,29.767572945,
1782435900000000000,execution,SELL,SELL,turtle_short_add,1782435960000000000,59460.65334,1.0,1,1.0,-1.0,-2.0,True,False,29.73032667,
1782435900000000000,execution,SELL,SELL,turtle_short_add,1782435960000000000,59460.65334,1.0,1,1.0,-2.0,-3.0,True,False,29.73032667,
1782436260000000000,execution,EXIT,FLAT,turtle_short_stop,1782436320000000000,59651.36454,1.0,1,3.0,-3.0,0.0,False,True,89.47704681,
1782437100000000000,execution,SELL,SELL,turtle_short_breakout,1782437160000000000,59396.15979,1.0,1,1.0,0.0,-1.0,False,False,29.698079895,
1782437160000000000,execution,SELL,SELL,turtle_short_add,1782437220000000000,59376.0618,1.0,1,1.0,-1.0,-2.0,True,False,29.6880309,
1782437280000000000,execution,SELL,SELL,turtle_short_add,1782437340000000000,59354.064,1.0,1,1.0,-2.0,-3.0,True,False,29.677032,
1782438000000000000,execution,EXIT,FLAT,turtle_short_trailing_exit,1782438060000000000,59341.133519999996,1.0,1,3.0,-3.0,0.0,False,False,89.01170027999999,
1782439860000000000,execution,SELL,SELL,turtle_short_failsafe,1782439920000000000,59157.18369,1.0,1,1.0,0.0,-1.0,False,False,29.578591845,
1782439920000000000,execution,SELL,SELL,turtle_short_add,1782439980000000000,58898.90952,1.0,1,1.0,-1.0,-2.0,True,False,29.449454760000002,
1782439920000000000,execution,SELL,SELL,turtle_short_add,1782439980000000000,58898.90952,1.0,1,1.0,-2.0,-3.0,True,False,29.449454760000002,
1782440940000000000,execution,EXIT,FLAT,turtle_short_trailing_exit,1782441000000000000,58863.38575,1.0,1,3.0,-3.0,0.0,False,False,88.295078625,
1782442920000000000,execution,SELL,SELL,turtle_short_failsafe,1782442980000000000,58354.164,1.0,1,1.0,0.0,-1.0,False,False,29.177082,
1782442980000000000,execution,EXIT,FLAT,turtle_short_stop,1782443040000000000,58456.64508,1.0,1,1.0,-1.0,0.0,False,True,29.22832254,
1782443280000000000,execution,BUY,BUY,turtle_long_breakout,1782443340000000000,58673.866799999996,1.0,1,1.0,0.0,1.0,False,False,29.3369334,
1782443400000000000,execution,BUY,BUY,turtle_long_add,1782443460000000000,58892.78869,1.0,1,1.0,1.0,2.0,True,False,29.446394345,
1782443400000000000,execution,BUY,BUY,turtle_long_add,1782443460000000000,58892.78869,1.0,1,1.0,2.0,3.0,True,False,29.446394345,
1782444180000000000,execution,EXIT,FLAT,turtle_long_trailing_exit,1782444240000000000,58775.321879999996,1.0,1,3.0,3.0,0.0,False,False,88.16298282,
1782444420000000000,execution,BUY,BUY,turtle_long_failsafe,1782444480000000000,59141.01351,1.0,1,1.0,0.0,1.0,False,False,29.570506755,
1782444480000000000,execution,BUY,BUY,turtle_long_add,1782444540000000000,59091.80859,1.0,1,1.0,1.0,2.0,True,False,29.545904295,
1782444720000000000,execution,BUY,BUY,turtle_long_add,1782444780000000000,59199.51936,1.0,1,1.0,2.0,3.0,True,False,29.59975968,
1782447960000000000,execution,EXIT,FLAT,turtle_long_trailing_exit,1782448020000000000,59866.81272,1.0,1,3.0,3.0,0.0,False,False,89.80021908,
1782450960000000000,execution,BUY,BUY,turtle_long_failsafe,1782451020000000000,59944.09381,1.0,1,1.0,0.0,1.0,False,False,29.972046905,
1782451080000000000,execution,EXIT,FLAT,turtle_long_stop,1782451140000000000,59899.20948,1.0,1,1.0,1.0,0.0,False,True,29.949604739999998,
1782451320000000000,execution,SELL,SELL,turtle_short_breakout,1782451380000000000,59757.42366,1.0,1,1.0,0.0,-1.0,False,False,29.87871183,
1782451380000000000,execution,SELL,SELL,turtle_short_add,1782451440000000000,59703.829020000005,1.0,1,1.0,-1.0,-2.0,True,False,29.851914510000004,
1782451380000000000,execution,SELL,SELL,turtle_short_add,1782451440000000000,59703.829020000005,1.0,1,1.0,-2.0,-3.0,True,False,29.851914510000004,
1782451560000000000,execution,EXIT,FLAT,turtle_short_stop,1782451620000000000,59864.08581,1.0,1,3.0,-3.0,0.0,False,True,89.796128715,
1782452040000000000,execution,BUY,BUY,turtle_long_breakout,1782452100000000000,60025.90199,1.0,1,1.0,0.0,1.0,False,False,30.012950995,
1782452340000000000,execution,EXIT,FLAT,turtle_long_trailing_exit,1782452400000000000,59926.606739999996,1.0,1,1.0,1.0,0.0,False,False,29.96330337,
1782453780000000000,execution,SELL,SELL,turtle_short_failsafe,1782453840000000000,59684.430960000005,1.0,1,1.0,0.0,-1.0,False,False,29.842215480000004,
1782454740000000000,execution,EXIT,FLAT,turtle_short_trailing_exit,1782454800000000000,59799.279330000005,1.0,1,1.0,-1.0,0.0,False,False,29.899639665000002,
1782454920000000000,execution,BUY,BUY,turtle_long_failsafe,1782454980000000000,60005.699969999994,1.0,1,1.0,0.0,1.0,False,False,30.002849984999997,
1782455040000000000,execution,BUY,BUY,turtle_long_add,1782455100000000000,59996.799080000004,1.0,1,1.0,1.0,2.0,True,False,29.99839954,
1782455220000000000,execution,EXIT,FLAT,turtle_long_stop,1782455280000000000,59955.50385,1.0,1,2.0,2.0,0.0,False,True,59.95550385,
1782455820000000000,execution,BUY,BUY,turtle_long_breakout,1782455880000000000,60119.51135,1.0,1,1.0,0.0,1.0,False,False,30.059755675,
1782455880000000000,execution,BUY,BUY,turtle_long_add,1782455940000000000,60156.71507,1.0,1,1.0,1.0,2.0,True,False,30.078357535,
1782455880000000000,execution,BUY,BUY,turtle_long_add,1782455940000000000,60156.71507,1.0,1,1.0,2.0,3.0,True,False,30.078357535,
1782459900000000000,execution,EXIT,FLAT,turtle_long_trailing_exit,1782459960000000000,60489.15048,1.0,1,3.0,3.0,0.0,False,False,90.73372572,
1782460800002000128,funding,,FUNDING,perpetual_funding_settlement,,60410.6,,,,0.0,0.0,False,False,,-0.0
1782461160000000000,execution,SELL,SELL,turtle_short_failsafe,1782461220000000000,60310.36836,1.0,1,1.0,0.0,-1.0,False,False,30.15518418,
1782461220000000000,execution,SELL,SELL,turtle_short_add,1782461280000000000,60263.67303,1.0,1,1.0,-1.0,-2.0,True,False,30.131836515,
1782461220000000000,execution,SELL,SELL,turtle_short_add,1782461280000000000,60263.67303,1.0,1,1.0,-2.0,-3.0,True,False,30.131836515,
1782462120000000000,execution,EXIT,FLAT,turtle_short_trailing_exit,1782462180000000000,60321.0315,1.0,1,3.0,-3.0,0.0,False,False,90.48154725,
1782462840000000000,execution,SELL,SELL,turtle_short_failsafe,1782462900000000000,60164.9829,1.0,1,1.0,0.0,-1.0,False,False,30.082491450000003,
1782463560000000000,execution,EXIT,FLAT,turtle_short_trailing_exit,1782463620000000000,60250.62446,1.0,1,1.0,-1.0,0.0,False,False,30.12531223,
1782464580000000000,execution,SELL,SELL,turtle_short_failsafe,1782464640000000000,60084.49095,1.0,1,1.0,0.0,-1.0,False,False,30.042245475,
1782464640000000000,execution,SELL,SELL,turtle_short_add,1782464700000000000,60072.092189999996,1.0,1,1.0,-1.0,-2.0,True,False,30.036046095,
1782464640000000000,execution,SELL,SELL,turtle_short_add,1782464700000000000,60072.092189999996,1.0,1,1.0,-2.0,-3.0,True,False,30.036046095,
1782465240000000000,execution,EXIT,FLAT,turtle_short_trailing_exit,1782465300000000000,60147.114109999995,1.0,1,3.0,-3.0,0.0,False,False,90.220671165,
1782466380000000000,execution,SELL,SELL,turtle_short_failsafe,1782466440000000000,60023.89701,1.0,1,1.0,0.0,-1.0,False,False,30.011948505,
1782466740000000000,execution,SELL,SELL,turtle_short_add,1782466800000000000,60006.49875,1.0,1,1.0,-1.0,-2.0,True,False,30.003249375,
1782466800000000000,execution,SELL,SELL,turtle_short_add,1782466860000000000,60076.39176,1.0,1,1.0,-2.0,-3.0,True,False,30.03819588,
1782468420000000000,execution,EXIT,FLAT,turtle_short_trailing_exit,1782468480000000000,59777.87719,1.0,1,3.0,-3.0,0.0,False,False,89.666815785,
1782470340000000000,execution,SELL,SELL,turtle_short_failsafe,1782470400000000000,59470.852320000005,1.0,1,1.0,0.0,-1.0,False,False,29.735426160000003,
1782470400000000000,execution,SELL,SELL,turtle_short_add,1782470460000000000,59480.051400000004,1.0,1,1.0,-1.0,-2.0,True,False,29.740025700000004,
1782470400000000000,execution,SELL,SELL,turtle_short_add,1782470460000000000,59480.051400000004,1.0,1,1.0,-2.0,-3.0,True,False,29.740025700000004,
1782471780000000000,execution,EXIT,FLAT,turtle_short_trailing_exit,1782471840000000000,59495.648969999995,1.0,1,3.0,-3.0,0.0,False,False,89.243473455,
1782476100000000000,execution,BUY,BUY,turtle_long_failsafe,1782476160000000000,59551.45455,1.0,1,1.0,0.0,1.0,False,False,29.775727275,
1782476160000000000,execution,BUY,BUY,turtle_long_add,1782476220000000000,59557.85519,1.0,1,1.0,1.0,2.0,True,False,29.778927595000003,
1782476220000000000,execution,BUY,BUY,turtle_long_add,1782476280000000000,59593.55876,1.0,1,1.0,2.0,3.0,True,False,29.79677938,
1782477420000000000,execution,EXIT,FLAT,turtle_long_trailing_exit,1782477480000000000,59530.44636,1.0,1,3.0,3.0,0.0,False,False,89.29566954,
1782477600000000000,execution,SELL,SELL,turtle_short_failsafe,1782477660000000000,59206.0788,1.0,1,1.0,0.0,-1.0,False,False,29.603039400000004,
1782477660000000000,execution,SELL,SELL,turtle_short_add,1782477720000000000,59192.88012,1.0,1,1.0,-1.0,-2.0,True,False,29.596440060000003,
1782477720000000000,execution,SELL,SELL,turtle_short_add,1782477780000000000,59102.28918,1.0,1,1.0,-2.0,-3.0,True,False,29.55114459,
1782477960000000000,execution,EXIT,FLAT,turtle_short_stop,1782478020000000000,59391.03851,1.0,1,3.0,-3.0,0.0,False,True,89.08655776500001,
1782479160000000000,execution,SELL,SELL,turtle_short_breakout,1782479220000000000,59122.88712000001,1.0,1,1.0,0.0,-1.0,False,False,29.561443560000004,
1782479340000000000,execution,SELL,SELL,turtle_short_add,1782479400000000000,58975.1019,1.0,1,1.0,-1.0,-2.0,True,False,29.487550950000003,
1782479340000000000,execution,SELL,SELL,turtle_short_add,1782479400000000000,58975.1019,1.0,1,1.0,-2.0,-3.0,True,False,29.487550950000003,
1782479520000000000,execution,EXIT,FLAT,turtle_short_trailing_exit,1782479580000000000,59260.82549,1.0,1,3.0,-3.0,0.0,False,False,88.891238235,
1782479880000000000,execution,SELL,SELL,turtle_short_failsafe,1782479940000000000,58782.1212,1.0,1,1.0,0.0,-1.0,False,False,29.391060600000003,
1782479940000000000,execution,SELL,SELL,turtle_short_add,1782480000000000000,58729.326479999996,1.0,1,1.0,-1.0,-2.0,True,False,29.36466324,
1782479940000000000,execution,SELL,SELL,turtle_short_add,1782480000000000000,58729.326479999996,1.0,1,1.0,-2.0,-3.0,True,False,29.36466324,
1782480600000000000,execution,EXIT,FLAT,turtle_short_trailing_exit,1782480660000000000,58947.094119999994,1.0,1,3.0,-3.0,0.0,False,False,88.42064117999999,
1782481380000000000,execution,BUY,BUY,turtle_long_failsafe,1782481440000000000,59408.9403,1.0,1,1.0,0.0,1.0,False,False,29.704470150000002,
1782481440000000000,execution,BUY,BUY,turtle_long_add,1782481500000000000,59460.84549,1.0,1,1.0,1.0,2.0,True,False,29.730422745000002,
1782481680000000000,execution,BUY,BUY,turtle_long_add,1782481740000000000,59414.9409,1.0,1,1.0,2.0,3.0,True,False,29.707470450000002,
1782483480000000000,execution,EXIT,FLAT,turtle_long_trailing_exit,1782483540000000000,59918.207579999995,1.0,1,3.0,3.0,0.0,False,False,89.87731137,
1782485700000000000,execution,SELL,SELL,turtle_short_failsafe,1782485760000000000,59390.96031,1.0,1,1.0,0.0,-1.0,False,False,29.695480155000002,
1782485760000000000,execution,SELL,SELL,turtle_short_add,1782485820000000000,59471.452260000005,1.0,1,1.0,-1.0,-2.0,True,False,29.735726130000003,
1782485820000000000,execution,EXIT,FLAT,turtle_short_stop,1782485880000000000,59642.06361,1.0,1,2.0,-2.0,0.0,False,True,59.64206361,
1782486540000000000,execution,BUY,BUY,turtle_long_breakout,1782486600000000000,60020.501449999996,1.0,1,1.0,0.0,1.0,False,False,30.010250725,
1782486600000000000,execution,BUY,BUY,turtle_long_add,1782486660000000000,59905.78998,1.0,1,1.0,1.0,2.0,True,False,29.95289499,
1782486720000000000,execution,EXIT,FLAT,turtle_long_stop,1782486780000000000,59748.12459,1.0,1,2.0,2.0,0.0,False,True,59.74812459,
1782487440000000000,execution,BUY,BUY,turtle_long_breakout,1782487500000000000,60185.11791,1.0,1,1.0,0.0,1.0,False,False,30.092558955,
1782487500000000000,execution,BUY,BUY,turtle_long_add,1782487560000000000,60211.620559999996,1.0,1,1.0,1.0,2.0,True,False,30.10581028,
1782487560000000000,execution,BUY,BUY,turtle_long_add,1782487620000000000,60356.034999999996,1.0,1,1.0,2.0,3.0,True,False,30.1780175,
1782489060000000000,execution,EXIT,FLAT,turtle_long_trailing_exit,1782489120000000000,60133.386060000004,1.0,1,3.0,3.0,0.0,False,False,90.20007909000002,
1782489600000000000,execution,BUY,BUY,turtle_long_failsafe,1782489660000000000,60540.0534,1.0,1,1.0,0.0,1.0,False,False,30.2700267,
1782489600000000000,funding,,FUNDING,perpetual_funding_settlement,,60533.9,,,,0.0,0.0,False,False,,-0.0
1782490020000000000,execution,EXIT,FLAT,turtle_long_stop,1782490080000000000,60274.27197,1.0,1,1.0,1.0,0.0,False,True,30.137135985,
1782490320000000000,execution,SELL,SELL,turtle_short_breakout,1782490380000000000,60143.78502,1.0,1,1.0,0.0,-1.0,False,False,30.07189251,
1782490740000000000,execution,SELL,SELL,turtle_short_add,1782490800000000000,60049.794420000006,1.0,1,1.0,-1.0,-2.0,True,False,30.024897210000002,
1782490740000000000,execution,SELL,SELL,turtle_short_add,1782490800000000000,60049.794420000006,1.0,1,1.0,-2.0,-3.0,True,False,30.024897210000002,
1782491400000000000,execution,EXIT,FLAT,turtle_short_trailing_exit,1782491460000000000,60156.11501,1.0,1,3.0,-3.0,0.0,False,False,90.234172515,
1782495360000000000,execution,SELL,SELL,turtle_short_failsafe,1782495420000000000,59954.20398,1.0,1,1.0,0.0,-1.0,False,False,29.97710199,
1782495420000000000,execution,SELL,SELL,turtle_short_add,1782495480000000000,59938.10559,1.0,1,1.0,-1.0,-2.0,True,False,29.969052795,
1782495780000000000,execution,EXIT,FLAT,turtle_short_stop,1782495840000000000,60076.607059999995,1.0,1,2.0,-2.0,0.0,False,True,60.07660705999999,
1782497040000000000,execution,BUY,BUY,turtle_long_breakout,1782497100000000000,60080.0074,1.0,1,1.0,0.0,1.0,False,False,30.040003700000003,
1782497160000000000,execution,BUY,BUY,turtle_long_add,1782497220000000000,60110.81048,1.0,1,1.0,1.0,2.0,True,False,30.05540524,
1782497760000000000,execution,EXIT,FLAT,turtle_long_trailing_exit,1782497820000000000,60003.19908,1.0,1,2.0,2.0,0.0,False,False,60.00319908,
1782498420000000000,execution,SELL,SELL,turtle_short_failsafe,1782498480000000000,59865.91281,1.0,1,1.0,0.0,-1.0,False,False,29.932956405000002,
1782498480000000000,execution,SELL,SELL,turtle_short_add,1782498540000000000,59799.21948,1.0,1,1.0,-1.0,-2.0,True,False,29.89960974,
1782498480000000000,execution,SELL,SELL,turtle_short_add,1782498540000000000,59799.21948,1.0,1,1.0,-2.0,-3.0,True,False,29.89960974,
1782500520000000000,execution,EXIT,FLAT,turtle_short_trailing_exit,1782500580000000000,59695.16892,1.0,1,3.0,-3.0,0.0,False,False,89.54275338,
1782504360000000000,execution,SELL,SELL,turtle_short_failsafe,1782504420000000000,59716.12779,1.0,1,1.0,0.0,-1.0,False,False,29.858063895,
1782504540000000000,execution,SELL,SELL,turtle_short_add,1782504600000000000,59668.93251,1.0,1,1.0,-1.0,-2.0,True,False,29.834466255,
1782505740000000000,execution,EXIT,FLAT,turtle_short_stop,1782505800000000000,59761.57556,1.0,1,2.0,-2.0,0.0,False,True,59.76157556,
1782505800000000000,execution,SELL,SELL,turtle_short_breakout,1782505860000000000,59647.234679999994,1.0,1,1.0,0.0,-1.0,False,False,29.82361734,
1782505860000000000,execution,SELL,SELL,turtle_short_add,1782505920000000000,59583.84102000001,1.0,1,1.0,-1.0,-2.0,True,False,29.791920510000004,
1782505860000000000,execution,SELL,SELL,turtle_short_add,1782505920000000000,59583.84102000001,1.0,1,1.0,-2.0,-3.0,True,False,29.791920510000004,
1782506880000000000,execution,EXIT,FLAT,turtle_short_trailing_exit,1782506940000000000,59688.06821,1.0,1,3.0,-3.0,0.0,False,False,89.532102315,
1782508920000000000,execution,BUY,BUY,turtle_long_failsafe,1782508980000000000,59801.9796,1.0,1,1.0,0.0,1.0,False,False,29.9009898,
1782508980000000000,execution,BUY,BUY,turtle_long_add,1782509040000000000,59804.9799,1.0,1,1.0,1.0,2.0,True,False,29.90248995,
1782508980000000000,execution,BUY,BUY,turtle_long_add,1782509040000000000,59804.9799,1.0,1,1.0,2.0,3.0,True,False,29.90248995,
1782511080000000000,execution,EXIT,FLAT,turtle_long_trailing_exit,1782511140000000000,59904.80892,1.0,1,3.0,3.0,0.0,False,False,89.85721338,
1782514200000000000,execution,BUY,BUY,turtle_long_failsafe,1782514260000000000,60002.799680000004,1.0,1,1.0,0.0,1.0,False,False,30.00139984,
1782514260000000000,execution,BUY,BUY,turtle_long_add,1782514320000000000,59998.999299999996,1.0,1,1.0,1.0,2.0,True,False,29.999499649999997,
1782514260000000000,execution,BUY,BUY,turtle_long_add,1782514320000000000,59998.999299999996,1.0,1,1.0,2.0,3.0,True,False,29.999499649999997,
1782515760000000000,execution,EXIT,FLAT,turtle_long_trailing_exit,1782515820000000000,59968.802520000005,1.0,1,3.0,3.0,0.0,False,False,89.95320378000001,
1782518400000000000,execution,BUY,BUY,turtle_long_failsafe,1782518460000000000,60099.70937,1.0,1,1.0,0.0,1.0,False,False,30.049854685,
1782518400000000000,funding,,FUNDING,perpetual_funding_settlement,,60093.6,,,,0.0,0.0,False,False,,-0.0
1782518460000000000,execution,BUY,BUY,turtle_long_add,1782518520000000000,60064.605859999996,1.0,1,1.0,1.0,2.0,True,False,30.03230293,
1782518580000000000,execution,EXIT,FLAT,turtle_long_stop,1782518640000000000,60049.794420000006,1.0,1,2.0,2.0,0.0,False,True,60.049794420000005,
1782518760000000000,execution,BUY,BUY,turtle_long_breakout,1782518820000000000,60102.209619999994,1.0,1,1.0,0.0,1.0,False,False,30.05110481,
1782519000000000000,execution,BUY,BUY,turtle_long_add,1782519060000000000,60173.21672,1.0,1,1.0,1.0,2.0,True,False,30.08660836,
1782519000000000000,execution,BUY,BUY,turtle_long_add,1782519060000000000,60173.21672,1.0,1,1.0,2.0,3.0,True,False,30.08660836,
1782519300000000000,execution,EXIT,FLAT,turtle_long_trailing_exit,1782519360000000000,60047.09469,1.0,1,3.0,3.0,0.0,False,False,90.070642035,
1782520260000000000,execution,SELL,SELL,turtle_short_failsafe,1782520320000000000,59914.008,1.0,1,1.0,0.0,-1.0,False,False,29.957004,
1782520320000000000,execution,SELL,SELL,turtle_short_add,1782520380000000000,59894.10999,1.0,1,1.0,-1.0,-2.0,True,False,29.947054995,
1782520320000000000,execution,SELL,SELL,turtle_short_add,1782520380000000000,59894.10999,1.0,1,1.0,-2.0,-3.0,True,False,29.947054995,
1782520800000000000,execution,EXIT,FLAT,turtle_short_stop,1782520860000000000,59964.9959,1.0,1,3.0,-3.0,0.0,False,True,89.94749385,
1782521340000000000,execution,BUY,BUY,turtle_long_breakout,1782521400000000000,60035.60296,1.0,1,1.0,0.0,1.0,False,False,30.01780148,
1782521460000000000,execution,BUY,BUY,turtle_long_add,1782521520000000000,60049.104309999995,1.0,1,1.0,1.0,2.0,True,False,30.024552155,
1782521640000000000,execution,BUY,BUY,turtle_long_add,1782521700000000000,60044.603859999996,1.0,1,1.0,2.0,3.0,True,False,30.022301929999998,
1782522060000000000,execution,EXIT,FLAT,turtle_long_trailing_exit,1782522120000000000,59989.80042000001,1.0,1,3.0,3.0,0.0,False,False,89.98470063,
1782525660000000000,execution,SELL,SELL,turtle_short_failsafe,1782525720000000000,59898.10959,1.0,1,1.0,0.0,-1.0,False,False,29.949054795000002,
1782525720000000000,execution,SELL,SELL,turtle_short_add,1782525780000000000,59907.0087,1.0,1,1.0,-1.0,-2.0,True,False,29.95350435,
1782525720000000000,execution,SELL,SELL,turtle_short_add,1782525780000000000,59907.0087,1.0,1,1.0,-2.0,-3.0,True,False,29.95350435,
1782525780000000000,execution,EXIT,FLAT,turtle_short_stop,1782525840000000000,59955.89499,1.0,1,3.0,-3.0,0.0,False,True,89.933842485,
1782525960000000000,execution,BUY,BUY,turtle_long_breakout,1782526020000000000,59972.89669,1.0,1,1.0,0.0,1.0,False,False,29.986448345000003,
1782526140000000000,execution,BUY,BUY,turtle_long_add,1782526200000000000,60023.60176,1.0,1,1.0,1.0,2.0,True,False,30.01180088,
1782526140000000000,execution,BUY,BUY,turtle_long_add,1782526200000000000,60023.60176,1.0,1,1.0,2.0,3.0,True,False,30.01180088,
1782527460000000000,execution,EXIT,FLAT,turtle_long_trailing_exit,1782527520000000000,60224.37696,1.0,1,3.0,3.0,0.0,False,False,90.33656544,
1782529320000000000,execution,BUY,BUY,turtle_long_failsafe,1782529380000000000,60339.53335,1.0,1,1.0,0.0,1.0,False,False,30.169766674999998,
1782529440000000000,execution,EXIT,FLAT,turtle_long_stop,1782529500000000000,60237.57564,1.0,1,1.0,1.0,0.0,False,True,30.11878782,
1782529620000000000,execution,SELL,SELL,turtle_short_breakout,1782529680000000000,60151.884210000004,1.0,1,1.0,0.0,-1.0,False,False,30.075942105000003,
1782529680000000000,execution,SELL,SELL,turtle_short_add,1782529740000000000,60169.882410000006,1.0,1,1.0,-1.0,-2.0,True,False,30.084941205000003,
1782529920000000000,execution,SELL,SELL,turtle_short_add,1782529980000000000,60136.58574,1.0,1,1.0,-2.0,-3.0,True,False,30.06829287,
1782530220000000000,execution,EXIT,FLAT,turtle_short_trailing_exit,1782530280000000000,60230.92249,1.0,1,3.0,-3.0,0.0,False,False,90.346383735,
1782533100000000000,execution,BUY,BUY,turtle_long_failsafe,1782533160000000000,60385.23792,1.0,1,1.0,0.0,1.0,False,False,30.19261896,
1782533160000000000,execution,BUY,BUY,turtle_long_add,1782533220000000000,60375.93699,1.0,1,1.0,1.0,2.0,True,False,30.187968495000003,
1782533160000000000,execution,BUY,BUY,turtle_long_add,1782533220000000000,60375.93699,1.0,1,1.0,2.0,3.0,True,False,30.187968495000003,
1782534600000000000,execution,EXIT,FLAT,turtle_long_trailing_exit,1782534660000000000,60352.56414,1.0,1,3.0,3.0,0.0,False,False,90.52884621000001,
1782536040000000000,execution,SELL,SELL,turtle_short_failsafe,1782536100000000000,60251.27427,1.0,1,1.0,0.0,-1.0,False,False,30.125637135,
1782536100000000000,execution,SELL,SELL,turtle_short_add,1782536160000000000,60238.875510000005,1.0,1,1.0,-1.0,-2.0,True,False,30.119437755000003,
1782536100000000000,execution,SELL,SELL,turtle_short_add,1782536160000000000,60238.875510000005,1.0,1,1.0,-2.0,-3.0,True,False,30.119437755000003,
1782536940000000000,execution,EXIT,FLAT,turtle_short_trailing_exit,1782537000000000000,60251.12451,1.0,1,3.0,-3.0,0.0,False,False,90.376686765,
1782538080000000000,execution,SELL,SELL,turtle_short_failsafe,1782538140000000000,60159.18348,1.0,1,1.0,0.0,-1.0,False,False,30.07959174,
1782538140000000000,execution,SELL,SELL,turtle_short_add,1782538200000000000,60126.786720000004,1.0,1,1.0,-1.0,-2.0,True,False,30.063393360000003,
1782538140000000000,execution,SELL,SELL,turtle_short_add,1782538200000000000,60126.786720000004,1.0,1,1.0,-2.0,-3.0,True,False,30.063393360000003,
1782538500000000000,execution,EXIT,FLAT,turtle_short_stop,1782538560000000000,60182.51765,1.0,1,3.0,-3.0,0.0,False,True,90.273776475,
1782540060000000000,execution,SELL,SELL,turtle_short_breakout,1782540120000000000,60172.38216,1.0,1,1.0,0.0,-1.0,False,False,30.086191080000003,
1782540120000000000,execution,SELL,SELL,turtle_short_add,1782540180000000000,60122.88711,1.0,1,1.0,-1.0,-2.0,True,False,30.061443555000004,
1782540120000000000,execution,SELL,SELL,turtle_short_add,1782540180000000000,60122.88711,1.0,1,1.0,-2.0,-3.0,True,False,30.061443555000004,
1782541200000000000,execution,EXIT,FLAT,turtle_short_trailing_exit,1782541260000000000,60175.51695,1.0,1,3.0,-3.0,0.0,False,False,90.263275425,
1782541800000000000,execution,BUY,BUY,turtle_long_failsafe,1782541860000000000,60280.42744,1.0,1,1.0,0.0,1.0,False,False,30.140213720000002,
1782541860000000000,execution,BUY,BUY,turtle_long_add,1782541920000000000,60277.82718,1.0,1,1.0,1.0,2.0,True,False,30.13891359,
1782541920000000000,execution,BUY,BUY,turtle_long_add,1782541980000000000,60315.73097,1.0,1,1.0,2.0,3.0,True,False,30.157865485,
1782543060000000000,execution,EXIT,FLAT,turtle_long_trailing_exit,1782543120000000000,60345.36486,1.0,1,3.0,3.0,0.0,False,False,90.51804729,
1782546300000000000,execution,BUY,BUY,turtle_long_failsafe,1782546360000000000,60448.14421,1.0,1,1.0,0.0,1.0,False,False,30.224072105,
1782546360000000000,execution,BUY,BUY,turtle_long_add,1782546420000000000,60476.74707,1.0,1,1.0,1.0,2.0,True,False,30.238373535,
1782546360000000000,execution,BUY,BUY,turtle_long_add,1782546420000000000,60476.74707,1.0,1,1.0,2.0,3.0,True,False,30.238373535,
1782547200000000000,execution,EXIT,FLAT,turtle_long_trailing_exit,1782547260000000000,60448.75452,1.0,1,3.0,3.0,0.0,False,False,90.67313177999999,
1782547200000000000,funding,,FUNDING,perpetual_funding_settlement,,60454.8,,,,3.0,3.0,False,False,,-7.769650896000002
1782549360000000000,execution,SELL,SELL,turtle_short_failsafe,1782549420000000000,60371.9622,1.0,1,1.0,0.0,-1.0,False,False,30.185981100000003,
1782549420000000000,execution,SELL,SELL,turtle_short_add,1782549480000000000,60385.66083,1.0,1,1.0,-1.0,-2.0,True,False,30.192830415,
1782549420000000000,execution,SELL,SELL,turtle_short_add,1782549480000000000,60385.66083,1.0,1,1.0,-2.0,-3.0,True,False,30.192830415,
1782550080000000000,execution,EXIT,FLAT,turtle_short_trailing_exit,1782550140000000000,60400.939490000004,1.0,1,3.0,-3.0,0.0,False,False,90.601409235,
1782551640000000000,execution,SELL,SELL,turtle_short_failsafe,1782551700000000000,60326.06679,1.0,1,1.0,0.0,-1.0,False,False,30.163033395,
1782551700000000000,execution,SELL,SELL,turtle_short_add,1782551760000000000,60262.87311,1.0,1,1.0,-1.0,-2.0,True,False,30.131436555,
1782551700000000000,execution,SELL,SELL,turtle_short_add,1782551760000000000,60262.87311,1.0,1,1.0,-2.0,-3.0,True,False,30.131436555,
1782552420000000000,execution,EXIT,FLAT,turtle_short_trailing_exit,1782552480000000000,60349.83438,1.0,1,3.0,-3.0,0.0,False,False,90.52475156999999,
1782555060000000000,execution,BUY,BUY,turtle_long_failsafe,1782555120000000000,60434.34283,1.0,1,1.0,0.0,1.0,False,False,30.217171415000003,
1782555120000000000,execution,BUY,BUY,turtle_long_add,1782555180000000000,60447.0441,1.0,1,1.0,1.0,2.0,True,False,30.22352205,
1782555120000000000,execution,BUY,BUY,turtle_long_add,1782555180000000000,60447.0441,1.0,1,1.0,2.0,3.0,True,False,30.22352205,
1782556020000000000,execution,EXIT,FLAT,turtle_long_trailing_exit,1782556080000000000,60408.55854,1.0,1,3.0,3.0,0.0,False,False,90.61283781,
1782557400000000000,execution,SELL,SELL,turtle_short_failsafe,1782557460000000000,60346.26477,1.0,1,1.0,0.0,-1.0,False,False,30.173132385000002,
1782557460000000000,execution,SELL,SELL,turtle_short_add,1782557520000000000,60349.16448,1.0,1,1.0,-1.0,-2.0,True,False,30.17458224,
1782557820000000000,execution,EXIT,FLAT,turtle_short_stop,1782557880000000000,60383.83778,1.0,1,2.0,-2.0,0.0,False,True,60.38383778,
1782558180000000000,execution,BUY,BUY,turtle_long_breakout,1782558240000000000,60431.442540000004,1.0,1,1.0,0.0,1.0,False,False,30.215721270000003,
1782558240000000000,execution,BUY,BUY,turtle_long_add,1782558300000000000,60412.44064,1.0,1,1.0,1.0,2.0,True,False,30.20622032,
1782558300000000000,execution,EXIT,FLAT,turtle_long_trailing_exit,1782558360000000000,60341.16528,1.0,1,2.0,2.0,0.0,False,False,60.341165280000006,
1782558420000000000,execution,SELL,SELL,turtle_short_failsafe,1782558480000000000,60329.56644,1.0,1,1.0,0.0,-1.0,False,False,30.16478322,
1782558480000000000,execution,SELL,SELL,turtle_short_add,1782558540000000000,60341.26527,1.0,1,1.0,-1.0,-2.0,True,False,30.170632635000004,
1782558540000000000,execution,EXIT,FLAT,turtle_short_stop,1782558600000000000,60375.83698,1.0,1,2.0,-2.0,0.0,False,True,60.37583698,
1782558900000000000,execution,SELL,SELL,turtle_short_breakout,1782558960000000000,60329.16648,1.0,1,1.0,0.0,-1.0,False,False,30.16458324,
1782558960000000000,execution,SELL,SELL,turtle_short_add,1782559020000000000,60288.87051,1.0,1,1.0,-1.0,-2.0,True,False,30.144435255,
1782558960000000000,execution,SELL,SELL,turtle_short_add,1782559020000000000,60288.87051,1.0,1,1.0,-2.0,-3.0,True,False,30.144435255,
1782560700000000000,execution,EXIT,FLAT,turtle_short_trailing_exit,1782560760000000000,60358.335230000004,1.0,1,3.0,-3.0,0.0,False,False,90.537502845,
1782564780000000000,execution,BUY,BUY,turtle_long_failsafe,1782564840000000000,60385.33793,1.0,1,1.0,0.0,1.0,False,False,30.192668965000003,
1782564840000000000,execution,BUY,BUY,turtle_long_add,1782564900000000000,60401.53955,1.0,1,1.0,1.0,2.0,True,False,30.200769775,
1782564840000000000,execution,BUY,BUY,turtle_long_add,1782564900000000000,60401.53955,1.0,1,1.0,2.0,3.0,True,False,30.200769775,
1782565620000000000,execution,EXIT,FLAT,turtle_long_trailing_exit,1782565680000000000,60361.06329,1.0,1,3.0,3.0,0.0,False,False,90.541594935,
1782566700000000000,execution,BUY,BUY,turtle_long_failsafe,1782566760000000000,60453.74477,1.0,1,1.0,0.0,1.0,False,False,30.226872385,
1782566760000000000,execution,BUY,BUY,turtle_long_add,1782566820000000000,60441.84358,1.0,1,1.0,1.0,2.0,True,False,30.220921790000002,
1782566940000000000,execution,EXIT,FLAT,turtle_long_stop,1782567000000000000,60437.155679999996,1.0,1,2.0,2.0,0.0,False,True,60.43715568,
1782567360000000000,execution,BUY,BUY,turtle_long_breakout,1782567420000000000,60514.0508,1.0,1,1.0,0.0,1.0,False,False,30.2570254,
1782567420000000000,execution,BUY,BUY,turtle_long_add,1782567480000000000,60526.15201,1.0,1,1.0,1.0,2.0,True,False,30.263076005,
1782567420000000000,execution,BUY,BUY,turtle_long_add,1782567480000000000,60526.15201,1.0,1,1.0,2.0,3.0,True,False,30.263076005,
1782568440000000000,execution,EXIT,FLAT,turtle_long_trailing_exit,1782568500000000000,60518.24757000001,1.0,1,3.0,3.0,0.0,False,False,90.77737135500001,
1782569580000000000,execution,BUY,BUY,turtle_long_failsafe,1782569640000000000,60668.166209999996,1.0,1,1.0,0.0,1.0,False,False,30.334083104999998,
1782569640000000000,execution,BUY,BUY,turtle_long_add,1782569700000000000,60651.76457,1.0,1,1.0,1.0,2.0,True,False,30.325882285,
1782569640000000000,execution,BUY,BUY,turtle_long_add,1782569700000000000,60651.76457,1.0,1,1.0,2.0,3.0,True,False,30.325882285,
1782569700000000000,execution,EXIT,FLAT,turtle_long_stop,1782569760000000000,60571.54224,1.0,1,3.0,3.0,0.0,False,True,90.85731336,
1782570960000000000,execution,SELL,SELL,turtle_short_breakout,1782571020000000000,60527.34666,1.0,1,1.0,0.0,-1.0,False,False,30.263673330000003,
1782571020000000000,execution,SELL,SELL,turtle_short_add,1782571080000000000,60513.84801,1.0,1,1.0,-1.0,-2.0,True,False,30.256924005000002,
1782571020000000000,execution,SELL,SELL,turtle_short_add,1782571080000000000,60513.84801,1.0,1,1.0,-2.0,-3.0,True,False,30.256924005000002,
1782571140000000000,execution,EXIT,FLAT,turtle_short_stop,1782571200000000000,60589.55835,1.0,1,3.0,-3.0,0.0,False,True,90.88433752499999,
1782571440000000000,execution,BUY,BUY,turtle_long_breakout,1782571500000000000,60613.36073,1.0,1,1.0,0.0,1.0,False,False,30.306680365000002,
1782571500000000000,execution,BUY,BUY,turtle_long_add,1782571560000000000,60624.66186,1.0,1,1.0,1.0,2.0,True,False,30.31233093,
1782571680000000000,execution,BUY,BUY,turtle_long_add,1782571740000000000,60654.86488,1.0,1,1.0,2.0,3.0,True,False,30.327432440000003,
1782571860000000000,execution,EXIT,FLAT,turtle_long_trailing_exit,1782571920000000000,60578.34156,1.0,1,3.0,3.0,0.0,False,False,90.86751234,
1782573000000000000,execution,BUY,BUY,turtle_long_failsafe,1782573060000000000,60819.0813,1.0,1,1.0,0.0,1.0,False,False,30.40954065,
1782573060000000000,execution,BUY,BUY,turtle_long_add,1782573120000000000,60835.88298,1.0,1,1.0,1.0,2.0,True,False,30.41794149,
1782573060000000000,execution,BUY,BUY,turtle_long_add,1782573120000000000,60835.88298,1.0,1,1.0,2.0,3.0,True,False,30.41794149,
1782573420000000000,execution,EXIT,FLAT,turtle_long_stop,1782573480000000000,60742.62513,1.0,1,3.0,3.0,0.0,False,True,91.113937695,
1782574620000000000,execution,BUY,BUY,turtle_long_breakout,1782574680000000000,60877.98719,1.0,1,1.0,0.0,1.0,False,False,30.438993595,
1782574680000000000,execution,BUY,BUY,turtle_long_add,1782574740000000000,60881.187509999996,1.0,1,1.0,1.0,2.0,True,False,30.440593755,
1782574680000000000,execution,BUY,BUY,turtle_long_add,1782574740000000000,60881.187509999996,1.0,1,1.0,2.0,3.0,True,False,30.440593755,
1782574800000000000,execution,EXIT,FLAT,turtle_long_stop,1782574860000000000,60787.9206,1.0,1,3.0,3.0,0.0,False,True,91.1818809,
1782576000008999936,funding,,FUNDING,perpetual_funding_settlement,,60779.3,,,,0.0,0.0,False,False,,-0.0
1782576120000000000,execution,BUY,BUY,turtle_long_breakout,1782576180000000000,60780.47744,1.0,1,1.0,0.0,1.0,False,False,30.390238720000003,
1782576180000000000,execution,EXIT,FLAT,turtle_long_stop,1782576240000000000,60768.122579999996,1.0,1,1.0,1.0,0.0,False,True,30.384061289999998,
1782576600000000000,execution,SELL,SELL,turtle_short_breakout,1782576660000000000,60727.62663,1.0,1,1.0,0.0,-1.0,False,False,30.363813315,
1782576660000000000,execution,SELL,SELL,turtle_short_add,1782576720000000000,60726.726720000006,1.0,1,1.0,-1.0,-2.0,True,False,30.363363360000005,
1782576900000000000,execution,SELL,SELL,turtle_short_add,1782576960000000000,60692.63013,1.0,1,1.0,-2.0,-3.0,True,False,30.346315065,
1782578220000000000,execution,EXIT,FLAT,turtle_short_trailing_exit,1782578280000000000,60719.071299999996,1.0,1,3.0,-3.0,0.0,False,False,91.07860695,
1782579660000000000,execution,SELL,SELL,turtle_short_failsafe,1782579720000000000,60636.33576,1.0,1,1.0,0.0,-1.0,False,False,30.31816788,
1782579720000000000,execution,SELL,SELL,turtle_short_add,1782579780000000000,60548.9445,1.0,1,1.0,-1.0,-2.0,True,False,30.27447225,
1782579720000000000,execution,SELL,SELL,turtle_short_add,1782579780000000000,60548.9445,1.0,1,1.0,-2.0,-3.0,True,False,30.27447225,
1782580620000000000,execution,EXIT,FLAT,turtle_short_trailing_exit,1782580680000000000,60548.0542,1.0,1,3.0,-3.0,0.0,False,False,90.8220813,
1782583260000000000,execution,SELL,SELL,turtle_short_failsafe,1782583320000000000,60466.452750000004,1.0,1,1.0,0.0,-1.0,False,False,30.233226375,
1782583740000000000,execution,EXIT,FLAT,turtle_short_stop,1782583800000000000,60545.85398,1.0,1,1.0,-1.0,0.0,False,True,30.272926990000002,
1782585300000000000,execution,BUY,BUY,turtle_long_breakout,1782585360000000000,60544.153809999996,1.0,1,1.0,0.0,1.0,False,False,30.272076905,
1782586080000000000,execution,EXIT,FLAT,turtle_long_trailing_exit,1782586140000000000,60494.04999,1.0,1,1.0,1.0,0.0,False,False,30.247024995,
1782586500000000000,execution,BUY,BUY,turtle_long_failsafe,1782586560000000000,60547.0541,1.0,1,1.0,0.0,1.0,False,False,30.273527050000002,
1782586740000000000,execution,EXIT,FLAT,turtle_long_stop,1782586800000000000,60531.84621,1.0,1,1.0,1.0,0.0,False,True,30.265923105000002,
1782586800000000000,execution,BUY,BUY,turtle_long_breakout,1782586860000000000,60553.35473,1.0,1,1.0,0.0,1.0,False,False,30.276677365,
1782586860000000000,execution,BUY,BUY,turtle_long_add,1782586920000000000,60567.956190000004,1.0,1,1.0,1.0,2.0,True,False,30.283978095000002,
1782586920000000000,execution,BUY,BUY,turtle_long_add,1782586980000000000,60573.556749999996,1.0,1,1.0,2.0,3.0,True,False,30.286778374999997,
1782587820000000000,execution,EXIT,FLAT,turtle_long_trailing_exit,1782587880000000000,60529.04649,1.0,1,3.0,3.0,0.0,False,False,90.793569735,
1782587940000000000,execution,SELL,SELL,turtle_short_failsafe,1782588000000000000,60438.85551,1.0,1,1.0,0.0,-1.0,False,False,30.219427755,
1782588000000000000,execution,SELL,SELL,turtle_short_add,1782588060000000000,60417.257670000006,1.0,1,1.0,-1.0,-2.0,True,False,30.208628835000003,
1782588000000000000,execution,SELL,SELL,turtle_short_add,1782588060000000000,60417.257670000006,1.0,1,1.0,-2.0,-3.0,True,False,30.208628835000003,
1782589560000000000,execution,EXIT,FLAT,turtle_short_trailing_exit,1782589620000000000,60182.317630000005,1.0,1,3.0,-3.0,0.0,False,False,90.27347644500001,
1782594000000000000,execution,BUY,BUY,turtle_long_failsafe,1782594060000000000,60301.0295,1.0,1,1.0,0.0,1.0,False,False,30.15051475,
1782594060000000000,execution,BUY,BUY,turtle_long_add,1782594120000000000,60320.73147,1.0,1,1.0,1.0,2.0,True,False,30.160365735,
1782594060000000000,execution,BUY,BUY,turtle_long_add,1782594120000000000,60320.73147,1.0,1,1.0,2.0,3.0,True,False,30.160365735,
1782596100000000000,execution,EXIT,FLAT,turtle_long_trailing_exit,1782596160000000000,60348.764520000004,1.0,1,3.0,3.0,0.0,False,False,90.52314678000002,
1782596580000000000,execution,SELL,SELL,turtle_short_failsafe,1782596640000000000,60225.17688,1.0,1,1.0,0.0,-1.0,False,False,30.11258844,
1782596640000000000,execution,SELL,SELL,turtle_short_add,1782596700000000000,60213.37806,1.0,1,1.0,-1.0,-2.0,True,False,30.106689030000002,
1782596640000000000,execution,SELL,SELL,turtle_short_add,1782596700000000000,60213.37806,1.0,1,1.0,-2.0,-3.0,True,False,30.106689030000002,
1782596880000000000,execution,EXIT,FLAT,turtle_short_stop,1782596940000000000,60245.92399,1.0,1,3.0,-3.0,0.0,False,True,90.368885985,
1782597000000000000,execution,SELL,SELL,turtle_short_breakout,1782597060000000000,60151.884210000004,1.0,1,1.0,0.0,-1.0,False,False,30.075942105000003,
1782597060000000000,execution,SELL,SELL,turtle_short_add,1782597120000000000,60113.388060000005,1.0,1,1.0,-1.0,-2.0,True,False,30.056694030000003,
1782597060000000000,execution,SELL,SELL,turtle_short_add,1782597120000000000,60113.388060000005,1.0,1,1.0,-2.0,-3.0,True,False,30.056694030000003,
1782599220000000000,execution,EXIT,FLAT,turtle_short_trailing_exit,1782599280000000000,60092.908690000004,1.0,1,3.0,-3.0,0.0,False,False,90.139363035,
1782601320000000000,execution,BUY,BUY,turtle_long_failsafe,1782601380000000000,60246.12401,1.0,1,1.0,0.0,1.0,False,False,30.123062005,
1782601560000000000,execution,BUY,BUY,turtle_long_add,1782601620000000000,60261.52555,1.0,1,1.0,1.0,2.0,True,False,30.130762775,
1782601560000000000,execution,BUY,BUY,turtle_long_add,1782601620000000000,60261.52555,1.0,1,1.0,2.0,3.0,True,False,30.130762775,
1782601980000000000,execution,EXIT,FLAT,turtle_long_trailing_exit,1782602040000000000,60092.49015,1.0,1,3.0,3.0,0.0,False,False,90.138735225,
1782602400000000000,execution,SELL,SELL,turtle_short_failsafe,1782602460000000000,59982.10119,1.0,1,1.0,0.0,-1.0,False,False,29.991050595,
1782602460000000000,execution,SELL,SELL,turtle_short_add,1782602520000000000,59954.004,1.0,1,1.0,-1.0,-2.0,True,False,29.977002000000002,
1782602460000000000,execution,SELL,SELL,turtle_short_add,1782602520000000000,59954.004,1.0,1,1.0,-2.0,-3.0,True,False,29.977002000000002,
1782603120000000000,execution,EXIT,FLAT,turtle_short_trailing_exit,1782603180000000000,59962.695669999994,1.0,1,3.0,-3.0,0.0,False,False,89.944043505,
1782604800000000000,funding,,FUNDING,perpetual_funding_settlement,,60018.6,,,,0.0,0.0,False,False,,-0.0
1782605340000000000,execution,BUY,BUY,turtle_long_failsafe,1782605400000000000,60110.81048,1.0,1,1.0,0.0,1.0,False,False,30.05540524,
1782605880000000000,execution,BUY,BUY,turtle_long_add,1782605940000000000,60149.91439,1.0,1,1.0,1.0,2.0,True,False,30.074957195,
1782605880000000000,execution,BUY,BUY,turtle_long_add,1782605940000000000,60149.91439,1.0,1,1.0,2.0,3.0,True,False,30.074957195,
1782606780000000000,execution,EXIT,FLAT,turtle_long_trailing_exit,1782606840000000000,60115.18788,1.0,1,3.0,3.0,0.0,False,False,90.17278182000001,
1782607500000000000,execution,BUY,BUY,turtle_long_failsafe,1782607560000000000,60138.913290000004,1.0,1,1.0,0.0,1.0,False,False,30.069456645000002,
1782607620000000000,execution,EXIT,FLAT,turtle_long_stop,1782607680000000000,60104.18898,1.0,1,1.0,1.0,0.0,False,True,30.05209449,
1782608580000000000,execution,SELL,SELL,turtle_short_breakout,1782608640000000000,60071.192279999996,1.0,1,1.0,0.0,-1.0,False,False,30.03559614,
1782608640000000000,execution,SELL,SELL,turtle_short_add,1782608700000000000,60018.89751,1.0,1,1.0,-1.0,-2.0,True,False,30.009448755,
1782608640000000000,execution,SELL,SELL,turtle_short_add,1782608700000000000,60018.89751,1.0,1,1.0,-2.0,-3.0,True,False,30.009448755,
1782609300000000000,execution,EXIT,FLAT,turtle_short_trailing_exit,1782609360000000000,60066.906090000004,1.0,1,3.0,-3.0,0.0,False,False,90.100359135,
1782609900000000000,execution,BUY,BUY,turtle_long_failsafe,1782609960000000000,60205.0199,1.0,1,1.0,0.0,1.0,False,False,30.10250995,
1782609960000000000,execution,BUY,BUY,turtle_long_add,1782610020000000000,60199.0193,1.0,1,1.0,1.0,2.0,True,False,30.09950965,
1782610020000000000,execution,BUY,BUY,turtle_long_add,1782610080000000000,60194.91889,1.0,1,1.0,2.0,3.0,True,False,30.097459445000002,
1782610320000000000,execution,EXIT,FLAT,turtle_long_stop,1782610380000000000,60170.9823,1.0,1,3.0,3.0,0.0,False,True,90.25647345,
1782610500000000000,execution,BUY,BUY,turtle_long_breakout,1782610560000000000,60232.422640000004,1.0,1,1.0,0.0,1.0,False,False,30.11621132,
1782610860000000000,execution,BUY,BUY,turtle_long_add,1782610920000000000,60249.92439,1.0,1,1.0,1.0,2.0,True,False,30.124962195000002,
1782610860000000000,execution,BUY,BUY,turtle_long_add,1782610920000000000,60249.92439,1.0,1,1.0,2.0,3.0,True,False,30.124962195000002,
1782611640000000000,execution,EXIT,FLAT,turtle_long_trailing_exit,1782611700000000000,60172.08219,1.0,1,3.0,3.0,0.0,False,False,90.25812328500001,
1782612720000000000,execution,BUY,BUY,turtle_long_failsafe,1782612780000000000,60255.724969999996,1.0,1,1.0,0.0,1.0,False,False,30.127862484999998,
1782612960000000000,execution,BUY,BUY,turtle_long_add,1782613020000000000,60268.42624,1.0,1,1.0,1.0,2.0,True,False,30.134213120000002,
1782612960000000000,execution,BUY,BUY,turtle_long_add,1782613020000000000,60268.42624,1.0,1,1.0,2.0,3.0,True,False,30.134213120000002,
1782613080000000000,execution,EXIT,FLAT,turtle_long_trailing_exit,1782613140000000000,60227.676629999994,1.0,1,3.0,3.0,0.0,False,False,90.34151494499999,
1782613260000000000,execution,SELL,SELL,turtle_short_failsafe,1782613320000000000,60119.78742,1.0,1,1.0,0.0,-1.0,False,False,30.05989371,
1782613320000000000,execution,SELL,SELL,turtle_short_add,1782613380000000000,60087.390660000005,1.0,1,1.0,-1.0,-2.0,True,False,30.043695330000002,
1782613320000000000,execution,SELL,SELL,turtle_short_add,1782613380000000000,60087.390660000005,1.0,1,1.0,-2.0,-3.0,True,False,30.043695330000002,
1782613980000000000,execution,EXIT,FLAT,turtle_short_trailing_exit,1782614040000000000,60103.10971,1.0,1,3.0,-3.0,0.0,False,False,90.154664565,
1782616800000000000,execution,BUY,BUY,turtle_long_failsafe,1782616860000000000,60229.42234,1.0,1,1.0,0.0,1.0,False,False,30.11471117,
1782617400000000000,execution,BUY,BUY,turtle_long_add,1782617460000000000,60235.32293,1.0,1,1.0,1.0,2.0,True,False,30.117661465,
1782617460000000000,execution,EXIT,FLAT,turtle_long_trailing_exit,1782617520000000000,60206.07879,1.0,1,2.0,2.0,0.0,False,False,60.20607879,
1782619320000000000,execution,SELL,SELL,turtle_short_failsafe,1782619380000000000,60103.789020000004,1.0,1,1.0,0.0,-1.0,False,False,30.051894510000004,
1782619380000000000,execution,SELL,SELL,turtle_short_add,1782619440000000000,60140.285370000005,1.0,1,1.0,-1.0,-2.0,True,False,30.070142685000004,
1782619440000000000,execution,EXIT,FLAT,turtle_short_stop,1782619500000000000,60180.717469999996,1.0,1,2.0,-2.0,0.0,False,True,60.18071747,
1782619680000000000,execution,BUY,BUY,turtle_long_breakout,1782619740000000000,60205.219919999996,1.0,1,1.0,0.0,1.0,False,False,30.10260996,
1782620640000000000,execution,BUY,BUY,turtle_long_add,1782620700000000000,60207.120109999996,1.0,1,1.0,1.0,2.0,True,False,30.103560055,
1782620880000000000,execution,EXIT,FLAT,turtle_long_trailing_exit,1782620940000000000,60159.18348,1.0,1,2.0,2.0,0.0,False,False,60.15918348,
1782621120000000000,execution,SELL,SELL,turtle_short_failsafe,1782621180000000000,60064.79292000001,1.0,1,1.0,0.0,-1.0,False,False,30.032396460000005,
1782621180000000000,execution,SELL,SELL,turtle_short_add,1782621240000000000,60085.190879999995,1.0,1,1.0,-1.0,-2.0,True,False,30.04259544,
1782621180000000000,execution,SELL,SELL,turtle_short_add,1782621240000000000,60085.190879999995,1.0,1,1.0,-2.0,-3.0,True,False,30.04259544,
1782621360000000000,execution,EXIT,FLAT,turtle_short_stop,1782621420000000000,60115.110909999996,1.0,1,3.0,-3.0,0.0,False,True,90.172666365,
1782622920000000000,execution,SELL,SELL,turtle_short_breakout,1782622980000000000,60049.694429999996,1.0,1,1.0,0.0,-1.0,False,False,30.024847214999998,
1782622980000000000,execution,SELL,SELL,turtle_short_add,1782623040000000000,59977.30167,1.0,1,1.0,-1.0,-2.0,True,False,29.988650835,
1782622980000000000,execution,SELL,SELL,turtle_short_add,1782623040000000000,59977.30167,1.0,1,1.0,-2.0,-3.0,True,False,29.988650835,
1782624900000000000,execution,EXIT,FLAT,turtle_short_trailing_exit,1782624960000000000,59906.49005,1.0,1,3.0,-3.0,0.0,False,False,89.859735075,
1782629400000000000,execution,BUY,BUY,turtle_long_failsafe,1782629460000000000,60007.10011,1.0,1,1.0,0.0,1.0,False,False,30.003550055,
1782629460000000000,execution,BUY,BUY,turtle_long_add,1782629520000000000,60003.89979,1.0,1,1.0,1.0,2.0,True,False,30.001949895000003,
1782629700000000000,execution,EXIT,FLAT,turtle_long_stop,1782629760000000000,59954.004,1.0,1,2.0,2.0,0.0,False,True,59.954004000000005,
1782630000000000000,execution,BUY,BUY,turtle_long_breakout,1782630060000000000,60020.40144,1.0,1,1.0,0.0,1.0,False,False,30.01020072,
1782630060000000000,execution,BUY,BUY,turtle_long_add,1782630120000000000,60107.91019,1.0,1,1.0,1.0,2.0,True,False,30.053955095000003,
1782630060000000000,execution,BUY,BUY,turtle_long_add,1782630120000000000,60107.91019,1.0,1,1.0,2.0,3.0,True,False,30.053955095000003,
1782631260000000000,execution,EXIT,FLAT,turtle_long_trailing_exit,1782631320000000000,60095.9898,1.0,1,3.0,3.0,0.0,False,False,90.1439847,
1782632220000000000,execution,BUY,BUY,turtle_long_failsafe,1782632280000000000,60186.51805,1.0,1,1.0,0.0,1.0,False,False,30.093259025,
1782632280000000000,execution,BUY,BUY,turtle_long_add,1782632340000000000,60172.0166,1.0,1,1.0,1.0,2.0,True,False,30.086008300000003,
1782632280000000000,execution,BUY,BUY,turtle_long_add,1782632340000000000,60172.0166,1.0,1,1.0,2.0,3.0,True,False,30.086008300000003,
1782633180000000000,execution,EXIT,FLAT,turtle_long_trailing_exit,1782633240000000000,60167.48265,1.0,1,3.0,3.0,0.0,False,False,90.251223975,
1782633600012999936,funding,,FUNDING,perpetual_funding_settlement,,60225.0,,,,0.0,0.0,False,False,,-0.0
1782635760000000000,execution,BUY,BUY,turtle_long_failsafe,1782635820000000000,60245.82398,1.0,1,1.0,0.0,1.0,False,False,30.122911990000002,
1782635820000000000,execution,BUY,BUY,turtle_long_add,1782635880000000000,60286.12801,1.0,1,1.0,1.0,2.0,True,False,30.143064005,
1782635820000000000,execution,BUY,BUY,turtle_long_add,1782635880000000000,60286.12801,1.0,1,1.0,2.0,3.0,True,False,30.143064005,
1782636660000000000,execution,EXIT,FLAT,turtle_long_trailing_exit,1782636720000000000,60370.06239,1.0,1,3.0,3.0,0.0,False,False,90.555093585,
1782640200000000000,execution,SELL,SELL,turtle_short_failsafe,1782640260000000000,60250.87431,1.0,1,1.0,0.0,-1.0,False,False,30.125437155,
1782640380000000000,execution,SELL,SELL,turtle_short_add,1782640440000000000,60253.37406,1.0,1,1.0,-1.0,-2.0,True,False,30.126687030000003,
1782640380000000000,execution,SELL,SELL,turtle_short_add,1782640440000000000,60253.37406,1.0,1,1.0,-2.0,-3.0,True,False,30.126687030000003,
1782643260000000000,execution,EXIT,FLAT,turtle_short_trailing_exit,1782643320000000000,60103.60976,1.0,1,3.0,-3.0,0.0,False,False,90.15541464,
1782645720000000000,execution,BUY,BUY,turtle_long_failsafe,1782645780000000000,60275.52695,1.0,1,1.0,0.0,1.0,False,False,30.137763475,
1782645780000000000,execution,BUY,BUY,turtle_long_add,1782645840000000000,60284.52785,1.0,1,1.0,1.0,2.0,True,False,30.142263924999998,
1782645840000000000,execution,BUY,BUY,turtle_long_add,1782645900000000000,60274.126809999994,1.0,1,1.0,2.0,3.0,True,False,30.137063405,
1782646620000000000,execution,EXIT,FLAT,turtle_long_trailing_exit,1782646680000000000,60252.67413,1.0,1,3.0,3.0,0.0,False,False,90.379011195,
1782647700000000000,execution,BUY,BUY,turtle_long_failsafe,1782647760000000000,60337.23312,1.0,1,1.0,0.0,1.0,False,False,30.16861656,
1782648000000000000,execution,EXIT,FLAT,turtle_long_stop,1782648060000000000,60286.9707,1.0,1,1.0,1.0,0.0,False,True,30.14348535,
1782648360000000000,execution,BUY,BUY,turtle_long_breakout,1782648420000000000,60351.63456,1.0,1,1.0,0.0,1.0,False,False,30.17581728,
1782648480000000000,execution,BUY,BUY,turtle_long_add,1782648540000000000,60311.43054,1.0,1,1.0,1.0,2.0,True,False,30.15571527,
1782648480000000000,execution,BUY,BUY,turtle_long_add,1782648540000000000,60311.43054,1.0,1,1.0,2.0,3.0,True,False,30.15571527,
1782648540000000000,execution,EXIT,FLAT,turtle_long_stop,1782648600000000000,60306.06879,1.0,1,3.0,3.0,0.0,False,True,90.459103185,
1782648780000000000,execution,SELL,SELL,turtle_short_breakout,1782648840000000000,60278.271570000004,1.0,1,1.0,0.0,-1.0,False,False,30.139135785000004,
1782648900000000000,execution,SELL,SELL,turtle_short_add,1782648960000000000,60278.47155,1.0,1,1.0,-1.0,-2.0,True,False,30.139235775000003,
1782648900000000000,execution,SELL,SELL,turtle_short_add,1782648960000000000,60278.47155,1.0,1,1.0,-2.0,-3.0,True,False,30.139235775000003,
1782649680000000000,execution,EXIT,FLAT,turtle_short_trailing_exit,1782649740000000000,60266.42604,1.0,1,3.0,-3.0,0.0,False,False,90.39963906,
1782649800000000000,execution,BUY,BUY,turtle_long_failsafe,1782649860000000000,60396.039,1.0,1,1.0,0.0,1.0,False,False,30.1980195,
1782649980000000000,execution,EXIT,FLAT,turtle_long_stop,1782650040000000000,60335.06589,1.0,1,1.0,1.0,0.0,False,True,30.167532945,
1782650460000000000,execution,SELL,SELL,turtle_short_breakout,1782650520000000000,60175.18188,1.0,1,1.0,0.0,-1.0,False,False,30.08759094,
1782650820000000000,execution,EXIT,FLAT,turtle_short_stop,1782650880000000000,60237.12311,1.0,1,1.0,-1.0,0.0,False,True,30.118561555,
1782651360000000000,execution,BUY,BUY,turtle_long_breakout,1782651420000000000,60287.12811,1.0,1,1.0,0.0,1.0,False,False,30.143564055,
1782651600000000000,execution,EXIT,FLAT,turtle_long_trailing_exit,1782651660000000000,60229.57644,1.0,1,1.0,1.0,0.0,False,False,30.114788219999998,
1782651660000000000,execution,SELL,SELL,turtle_short_failsafe,1782651720000000000,60123.987,1.0,1,1.0,0.0,-1.0,False,False,30.0619935,
1782651720000000000,execution,SELL,SELL,turtle_short_add,1782651780000000000,60063.39306,1.0,1,1.0,-1.0,-2.0,True,False,30.03169653,
1782651720000000000,execution,SELL,SELL,turtle_short_add,1782651780000000000,60063.39306,1.0,1,1.0,-2.0,-3.0,True,False,30.03169653,
1782652380000000000,execution,EXIT,FLAT,turtle_short_trailing_exit,1782652440000000000,60089.908390000004,1.0,1,3.0,-3.0,0.0,False,False,90.13486258500001,
1782656340000000000,execution,BUY,BUY,turtle_long_failsafe,1782656400000000000,60208.72027,1.0,1,1.0,0.0,1.0,False,False,30.104360135,
1782656400000000000,execution,BUY,BUY,turtle_long_add,1782656460000000000,60196.019,1.0,1,1.0,1.0,2.0,True,False,30.0980095,
1782656400000000000,execution,BUY,BUY,turtle_long_add,1782656460000000000,60196.019,1.0,1,1.0,2.0,3.0,True,False,30.0980095,
1782656520000000000,execution,EXIT,FLAT,turtle_long_stop,1782656580000000000,60102.889110000004,1.0,1,3.0,3.0,0.0,False,True,90.15433366500001,
1782657420000000000,execution,SELL,SELL,turtle_short_breakout,1782657480000000000,60079.49145,1.0,1,1.0,0.0,-1.0,False,False,30.039745725000003,
1782657720000000000,execution,SELL,SELL,turtle_short_add,1782657780000000000,60054.59394,1.0,1,1.0,-1.0,-2.0,True,False,30.02729697,
1782658080000000000,execution,EXIT,FLAT,turtle_short_trailing_exit,1782658140000000000,60091.008499999996,1.0,1,2.0,-2.0,0.0,False,False,60.0910085,
1782658440000000000,execution,SELL,SELL,turtle_short_failsafe,1782658500000000000,59989.0005,1.0,1,1.0,0.0,-1.0,False,False,29.99450025,
1782658860000000000,execution,SELL,SELL,turtle_short_add,1782658920000000000,60013.298070000004,1.0,1,1.0,-1.0,-2.0,True,False,30.006649035000002,
1782658860000000000,execution,SELL,SELL,turtle_short_add,1782658920000000000,60013.298070000004,1.0,1,1.0,-2.0,-3.0,True,False,30.006649035000002,
1782658920000000000,execution,EXIT,FLAT,turtle_short_stop,1782658980000000000,60022.001599999996,1.0,1,3.0,-3.0,0.0,False,True,90.0330024,
1782659280000000000,execution,SELL,SELL,turtle_short_breakout,1782659340000000000,59928.90651,1.0,1,1.0,0.0,-1.0,False,False,29.964453255000002,
1782659340000000000,execution,SELL,SELL,turtle_short_add,1782659400000000000,59884.11099,1.0,1,1.0,-1.0,-2.0,True,False,29.942055495,
1782659340000000000,execution,SELL,SELL,turtle_short_add,1782659400000000000,59884.11099,1.0,1,1.0,-2.0,-3.0,True,False,29.942055495,
1782659580000000000,execution,EXIT,FLAT,turtle_short_stop,1782659640000000000,60005.89999,1.0,1,3.0,-3.0,0.0,False,True,90.008849985,
1782659700000000000,execution,BUY,BUY,turtle_long_breakout,1782659760000000000,60010.200419999994,1.0,1,1.0,0.0,1.0,False,False,30.00510021,
1782659880000000000,execution,BUY,BUY,turtle_long_add,1782659940000000000,60065.90599,1.0,1,1.0,1.0,2.0,True,False,30.032952995,
1782660060000000000,execution,EXIT,FLAT,turtle_long_stop,1782660120000000000,59997.699629999996,1.0,1,2.0,2.0,0.0,False,True,59.99769963,
1782660900000000000,execution,SELL,SELL,turtle_short_breakout,1782660960000000000,59960.403360000004,1.0,1,1.0,0.0,-1.0,False,False,29.980201680000004,
1782660960000000000,execution,SELL,SELL,turtle_short_add,1782661020000000000,59883.21108,1.0,1,1.0,-1.0,-2.0,True,False,29.94160554,
1782660960000000000,execution,SELL,SELL,turtle_short_add,1782661020000000000,59883.21108,1.0,1,1.0,-2.0,-3.0,True,False,29.94160554,
1782661920000000000,execution,EXIT,FLAT,turtle_short_trailing_exit,1782661980000000000,59948.094209999996,1.0,1,3.0,-3.0,0.0,False,False,89.92214131499999,
1782661980000000000,execution,SELL,SELL,turtle_short_failsafe,1782662040000000000,59779.12149,1.0,1,1.0,0.0,-1.0,False,False,29.889560745,
1782662040000000000,execution,SELL,SELL,turtle_short_add,1782662100000000000,59821.0173,1.0,1,1.0,-1.0,-2.0,True,False,29.91050865,
1782662400000000000,execution,EXIT,FLAT,turtle_short_stop,1782662460000000000,59864.78588,1.0,1,2.0,-2.0,0.0,False,True,59.86478588000001,
1782662400000000000,funding,,FUNDING,perpetual_funding_settlement,,59858.8,,,,-2.0,-2.0,False,False,,5.30348968
1782662940000000000,execution,SELL,SELL,turtle_short_breakout,1782663000000000000,59808.81852,1.0,1,1.0,0.0,-1.0,False,False,29.90440926,
1782663300000000000,execution,SELL,SELL,turtle_short_add,1782663360000000000,59776.22178,1.0,1,1.0,-1.0,-2.0,True,False,29.88811089,
1782663420000000000,execution,EXIT,FLAT,turtle_short_stop,1782663480000000000,59860.185419999994,1.0,1,2.0,-2.0,0.0,False,True,59.86018541999999,
1782663720000000000,execution,SELL,SELL,turtle_short_breakout,1782663780000000000,59744.52495,1.0,1,1.0,0.0,-1.0,False,False,29.872262475,
1782663900000000000,execution,SELL,SELL,turtle_short_add,1782663960000000000,59654.13399,1.0,1,1.0,-1.0,-2.0,True,False,29.827066995000003,
1782663900000000000,execution,SELL,SELL,turtle_short_add,1782663960000000000,59654.13399,1.0,1,1.0,-2.0,-3.0,True,False,29.827066995000003,
1782666060000000000,execution,EXIT,FLAT,turtle_short_trailing_exit,1782666120000000000,59655.965,1.0,1,3.0,-3.0,0.0,False,False,89.4839475,
1782666720000000000,execution,SELL,SELL,turtle_short_failsafe,1782666780000000000,59591.94021,1.0,1,1.0,0.0,-1.0,False,False,29.795970105000002,
1782666900000000000,execution,EXIT,FLAT,turtle_short_stop,1782666960000000000,59645.86399,1.0,1,1.0,-1.0,0.0,False,True,29.822931995,
1782668040000000000,execution,SELL,SELL,turtle_short_breakout,1782668100000000000,59540.34537,1.0,1,1.0,0.0,-1.0,False,False,29.770172685000002,
1782668100000000000,execution,SELL,SELL,turtle_short_add,1782668160000000000,59466.65274,1.0,1,1.0,-1.0,-2.0,True,False,29.73332637,
1782668100000000000,execution,SELL,SELL,turtle_short_add,1782668160000000000,59466.65274,1.0,1,1.0,-2.0,-3.0,True,False,29.73332637,
1782668760000000000,execution,EXIT,FLAT,turtle_short_trailing_exit,1782668820000000000,59538.353240000004,1.0,1,3.0,-3.0,0.0,False,False,89.30752986000002,
1782672480000000000,execution,SELL,SELL,turtle_short_failsafe,1782672540000000000,59519.147489999996,1.0,1,1.0,0.0,-1.0,False,False,29.759573744999997,
1782672540000000000,execution,SELL,SELL,turtle_short_add,1782672600000000000,59482.85112000001,1.0,1,1.0,-1.0,-2.0,True,False,29.741425560000003,
1782672540000000000,execution,SELL,SELL,turtle_short_add,1782672600000000000,59482.85112000001,1.0,1,1.0,-2.0,-3.0,True,False,29.741425560000003,
1782672960000000000,execution,EXIT,FLAT,turtle_short_stop,1782673020000000000,59567.9562,1.0,1,3.0,-3.0,0.0,False,True,89.3519343,
1782673380000000000,execution,SELL,SELL,turtle_short_breakout,1782673440000000000,59459.0535,1.0,1,1.0,0.0,-1.0,False,False,29.72952675,
1782673440000000000,execution,SELL,SELL,turtle_short_add,1782673500000000000,59464.852920000005,1.0,1,1.0,-1.0,-2.0,True,False,29.732426460000003,
1782673440000000000,execution,SELL,SELL,turtle_short_add,1782673500000000000,59464.852920000005,1.0,1,1.0,-2.0,-3.0,True,False,29.732426460000003,
1782673620000000000,execution,EXIT,FLAT,turtle_short_stop,1782673680000000000,59491.548559999996,1.0,1,3.0,-3.0,0.0,False,True,89.23732283999999,
1782674220000000000,execution,SELL,SELL,turtle_short_breakout,1782674280000000000,59424.65694,1.0,1,1.0,0.0,-1.0,False,False,29.712328470000003,
1782674280000000000,execution,SELL,SELL,turtle_short_add,1782674340000000000,59446.45476,1.0,1,1.0,-1.0,-2.0,True,False,29.72322738,
1782674460000000000,execution,EXIT,FLAT,turtle_short_trailing_exit,1782674520000000000,59514.05081,1.0,1,2.0,-2.0,0.0,False,False,59.51405081,
1782675060000000000,execution,BUY,BUY,turtle_long_failsafe,1782675120000000000,59619.46135,1.0,1,1.0,0.0,1.0,False,False,29.809730675,
1782675120000000000,execution,BUY,BUY,turtle_long_add,1782675180000000000,59618.86129,1.0,1,1.0,1.0,2.0,True,False,29.809430645000003,
1782675120000000000,execution,BUY,BUY,turtle_long_add,1782675180000000000,59618.86129,1.0,1,1.0,2.0,3.0,True,False,29.809430645000003,
1782675300000000000,execution,EXIT,FLAT,turtle_long_stop,1782675360000000000,59479.15149,1.0,1,3.0,3.0,0.0,False,True,89.218727235,
1782675480000000000,execution,SELL,SELL,turtle_short_breakout,1782675540000000000,59392.860120000005,1.0,1,1.0,0.0,-1.0,False,False,29.696430060000004,
1782675900000000000,execution,SELL,SELL,turtle_short_add,1782675960000000000,59348.76453,1.0,1,1.0,-1.0,-2.0,True,False,29.674382265000002,
1782675900000000000,execution,SELL,SELL,turtle_short_add,1782675960000000000,59348.76453,1.0,1,1.0,-2.0,-3.0,True,False,29.674382265000002,
1782676440000000000,execution,EXIT,FLAT,turtle_short_trailing_exit,1782676500000000000,59463.9458,1.0,1,3.0,-3.0,0.0,False,False,89.19591870000001,
1782677700000000000,execution,BUY,BUY,turtle_long_failsafe,1782677760000000000,59674.76688,1.0,1,1.0,0.0,1.0,False,False,29.837383440000004,
1782677760000000000,execution,BUY,BUY,turtle_long_add,1782677820000000000,59663.465749999996,1.0,1,1.0,1.0,2.0,True,False,29.831732875,
1782678300000000000,execution,BUY,BUY,turtle_long_add,1782678360000000000,59669.9664,1.0,1,1.0,2.0,3.0,True,False,29.8349832,
1782678960000000000,execution,EXIT,FLAT,turtle_long_trailing_exit,1782679020000000000,59684.23098,1.0,1,3.0,3.0,0.0,False,False,89.52634647000001,
1782682080000000000,execution,BUY,BUY,turtle_long_failsafe,1782682140000000000,59703.069709999996,1.0,1,1.0,0.0,1.0,False,False,29.851534854999997,
1782682560000000000,execution,BUY,BUY,turtle_long_add,1782682620000000000,59734.9729,1.0,1,1.0,1.0,2.0,True,False,29.86748645,
1782682560000000000,execution,BUY,BUY,turtle_long_add,1782682620000000000,59734.9729,1.0,1,1.0,2.0,3.0,True,False,29.86748645,
1782682680000000000,execution,EXIT,FLAT,turtle_long_trailing_exit,1782682740000000000,59668.13259,1.0,1,3.0,3.0,0.0,False,False,89.50219888500001,
1782683160000000000,execution,SELL,SELL,turtle_short_failsafe,1782683220000000000,59455.15389,1.0,1,1.0,0.0,-1.0,False,False,29.727576945000003,
1782683220000000000,execution,SELL,SELL,turtle_short_add,1782683280000000000,59468.35257,1.0,1,1.0,-1.0,-2.0,True,False,29.734176285000004,
1782683220000000000,execution,SELL,SELL,turtle_short_add,1782683280000000000,59468.35257,1.0,1,1.0,-2.0,-3.0,True,False,29.734176285000004,
1782684000000000000,execution,EXIT,FLAT,turtle_short_trailing_exit,1782684060000000000,59596.25903,1.0,1,3.0,-3.0,0.0,False,False,89.394388545,
1782684120000000000,execution,BUY,BUY,turtle_long_failsafe,1782684180000000000,59734.17282,1.0,1,1.0,0.0,1.0,False,False,29.86708641,
1782684180000000000,execution,BUY,BUY,turtle_long_add,1782684240000000000,59824.18182,1.0,1,1.0,1.0,2.0,True,False,29.91209091,
1782684180000000000,execution,BUY,BUY,turtle_long_add,1782684240000000000,59824.18182,1.0,1,1.0,2.0,3.0,True,False,29.91209091,
1782684480000000000,execution,EXIT,FLAT,turtle_long_stop,1782684540000000000,59659.933410000005,1.0,1,3.0,3.0,0.0,False,True,89.48990011500001,
1782685080000000000,execution,SELL,SELL,turtle_short_breakout,1782685140000000000,59363.36307000001,1.0,1,1.0,0.0,-1.0,False,False,29.681681535000003,
1782685140000000000,execution,SELL,SELL,turtle_short_add,1782685200000000000,59323.36707,1.0,1,1.0,-1.0,-2.0,True,False,29.661683535,
1782685140000000000,execution,SELL,SELL,turtle_short_add,1782685200000000000,59323.36707,1.0,1,1.0,-2.0,-3.0,True,False,29.661683535,
1782685440000000000,execution,EXIT,FLAT,turtle_short_stop,1782685500000000000,59473.14672,1.0,1,3.0,-3.0,0.0,False,True,89.20972008,
1782686460000000000,execution,SELL,SELL,turtle_short_breakout,1782686520000000000,59112.988110000006,1.0,1,1.0,0.0,-1.0,False,False,29.556494055,
1782686580000000000,execution,SELL,SELL,turtle_short_add,1782686640000000000,59077.391670000005,1.0,1,1.0,-1.0,-2.0,True,False,29.538695835000002,
1782686640000000000,execution,SELL,SELL,turtle_short_add,1782686700000000000,59071.19229,1.0,1,1.0,-2.0,-3.0,True,False,29.535596145,
1782687660000000000,execution,EXIT,FLAT,turtle_short_trailing_exit,1782687720000000000,59272.62667,1.0,1,3.0,-3.0,0.0,False,False,88.908940005,
1782689220000000000,execution,BUY,BUY,turtle_long_failsafe,1782689280000000000,59432.9427,1.0,1,1.0,0.0,1.0,False,False,29.71647135,
1782689280000000000,execution,BUY,BUY,turtle_long_add,1782689340000000000,59484.9479,1.0,1,1.0,1.0,2.0,True,False,29.74247395,
1782689280000000000,execution,BUY,BUY,turtle_long_add,1782689340000000000,59484.9479,1.0,1,1.0,2.0,3.0,True,False,29.74247395,
1782690720000000000,execution,EXIT,FLAT,turtle_long_trailing_exit,1782690780000000000,59640.93531,1.0,1,3.0,3.0,0.0,False,False,89.461402965,
1782691200006000128,funding,,FUNDING,perpetual_funding_settlement,,59418.8,,,,0.0,0.0,False,False,,-0.0
1782692460000000000,execution,SELL,SELL,turtle_short_failsafe,1782692520000000000,59190.18039,1.0,1,1.0,0.0,-1.0,False,False,29.595090195,
1782692580000000000,execution,SELL,SELL,turtle_short_add,1782692640000000000,59229.676439999996,1.0,1,1.0,-1.0,-2.0,True,False,29.61483822,
1782693000000000000,execution,SELL,SELL,turtle_short_add,1782693060000000000,59143.68504,1.0,1,1.0,-2.0,-3.0,True,False,29.57184252,
1782693660000000000,execution,EXIT,FLAT,turtle_short_trailing_exit,1782693720000000000,59297.72918,1.0,1,3.0,-3.0,0.0,False,False,88.94659377,
1782694740000000000,execution,BUY,BUY,turtle_long_failsafe,1782694800000000000,59643.26373,1.0,1,1.0,0.0,1.0,False,False,29.821631865,
1782694920000000000,execution,EXIT,FLAT,turtle_long_stop,1782694980000000000,59497.24968,1.0,1,1.0,1.0,0.0,False,True,29.74862484,
1782695760000000000,execution,SELL,SELL,turtle_short_breakout,1782695820000000000,59402.55915,1.0,1,1.0,0.0,-1.0,False,False,29.701279575,
1782695820000000000,execution,SELL,SELL,turtle_short_add,1782695880000000000,59247.374670000005,1.0,1,1.0,-1.0,-2.0,True,False,29.623687335000003,
1782695820000000000,execution,SELL,SELL,turtle_short_add,1782695880000000000,59247.374670000005,1.0,1,1.0,-2.0,-3.0,True,False,29.623687335000003,
1782697020000000000,execution,EXIT,FLAT,turtle_short_trailing_exit,1782697080000000000,59402.9397,1.0,1,3.0,-3.0,0.0,False,False,89.10440955000001,
1782699120000000000,execution,SELL,SELL,turtle_short_failsafe,1782699180000000000,59075.0919,1.0,1,1.0,0.0,-1.0,False,False,29.537545950000002,
1782699180000000000,execution,SELL,SELL,turtle_short_add,1782699240000000000,58922.407170000006,1.0,1,1.0,-1.0,-2.0,True,False,29.461203585000003,
1782699180000000000,execution,SELL,SELL,turtle_short_add,1782699240000000000,58922.407170000006,1.0,1,1.0,-2.0,-3.0,True,False,29.461203585000003,
1782699660000000000,execution,EXIT,FLAT,turtle_short_trailing_exit,1782699720000000000,59210.42045,1.0,1,3.0,-3.0,0.0,False,False,88.815630675,
1782700080000000000,execution,BUY,BUY,turtle_long_failsafe,1782700140000000000,59563.955799999996,1.0,1,1.0,0.0,1.0,False,False,29.781977899999998,
1782700680000000000,execution,BUY,BUY,turtle_long_add,1782700740000000000,59650.06441,1.0,1,1.0,1.0,2.0,True,False,29.825032205,
1782700680000000000,execution,BUY,BUY,turtle_long_add,1782700740000000000,59650.06441,1.0,1,1.0,2.0,3.0,True,False,29.825032205,
1782703140000000000,execution,EXIT,FLAT,turtle_long_trailing_exit,1782703200000000000,59979.0015,1.0,1,3.0,3.0,0.0,False,False,89.96850224999999,
1782703620000000000,execution,BUY,BUY,turtle_long_failsafe,1782703680000000000,60160.91549,1.0,1,1.0,0.0,1.0,False,False,30.080457745,
1782703920000000000,execution,EXIT,FLAT,turtle_long_stop,1782703980000000000,60023.19708,1.0,1,1.0,1.0,0.0,False,True,30.01159854,
1782704160000000000,execution,SELL,SELL,turtle_short_breakout,1782704220000000000,59944.005,1.0,1,1.0,0.0,-1.0,False,False,29.9720025,
1782704280000000000,execution,SELL,SELL,turtle_short_add,1782704340000000000,59865.71283,1.0,1,1.0,-1.0,-2.0,True,False,29.932856415,
1782704280000000000,execution,SELL,SELL,turtle_short_add,1782704340000000000,59865.71283,1.0,1,1.0,-2.0,-3.0,True,False,29.932856415,
1782704820000000000,execution,EXIT,FLAT,turtle_short_trailing_exit,1782704880000000000,59993.49875,1.0,1,3.0,-3.0,0.0,False,False,89.990248125,
1782706920000000000,execution,SELL,SELL,turtle_short_failsafe,1782706980000000000,59823.41706,1.0,1,1.0,0.0,-1.0,False,False,29.911708530000002,
1782706980000000000,execution,SELL,SELL,turtle_short_add,1782707040000000000,59853.61404,1.0,1,1.0,-1.0,-2.0,True,False,29.926807020000002,
1782707040000000000,execution,EXIT,FLAT,turtle_short_stop,1782707100000000000,59926.992099999996,1.0,1,2.0,-2.0,0.0,False,True,59.9269921,
1782707160000000000,execution,BUY,BUY,turtle_long_breakout,1782707220000000000,59959.89539,1.0,1,1.0,0.0,1.0,False,False,29.979947695,
1782707400000000000,execution,EXIT,FLAT,turtle_long_stop,1782707460000000000,59899.90941,1.0,1,1.0,1.0,0.0,False,True,29.949954705,
1782707760000000000,execution,SELL,SELL,turtle_short_breakout,1782707820000000000,59818.61754,1.0,1,1.0,0.0,-1.0,False,False,29.90930877,
1782707940000000000,execution,SELL,SELL,turtle_short_add,1782708000000000000,59791.82022,1.0,1,1.0,-1.0,-2.0,True,False,29.895910110000003,
1782708000000000000,execution,SELL,SELL,turtle_short_add,1782708060000000000,59722.027200000004,1.0,1,1.0,-2.0,-3.0,True,False,29.861013600000003,
1782708660000000000,execution,EXIT,FLAT,turtle_short_trailing_exit,1782708720000000000,59850.68446999999,1.0,1,3.0,-3.0,0.0,False,False,89.77602670499999,
1782709380000000000,execution,SELL,SELL,turtle_short_failsafe,1782709440000000000,59715.127889999996,1.0,1,1.0,0.0,-1.0,False,False,29.857563945,
1782709440000000000,execution,SELL,SELL,turtle_short_add,1782709500000000000,59661.93321,1.0,1,1.0,-1.0,-2.0,True,False,29.830966605,
1782709440000000000,execution,SELL,SELL,turtle_short_add,1782709500000000000,59661.93321,1.0,1,1.0,-2.0,-3.0,True,False,29.830966605,
1782710160000000000,execution,EXIT,FLAT,turtle_short_trailing_exit,1782710220000000000,59623.76178,1.0,1,3.0,-3.0,0.0,False,False,89.43564267000001,
1782711840000000000,execution,BUY,BUY,turtle_long_failsafe,1782711900000000000,59894.588859999996,1.0,1,1.0,0.0,1.0,False,False,29.94729443,
1782711900000000000,execution,BUY,BUY,turtle_long_add,1782711960000000000,59915.991,1.0,1,1.0,1.0,2.0,True,False,29.957995500000003,
1782712020000000000,execution,BUY,BUY,turtle_long_add,1782712080000000000,59945.994,1.0,1,1.0,2.0,3.0,True,False,29.972997,
1782714420000000000,execution,EXIT,FLAT,turtle_long_trailing_exit,1782714480000000000,60175.9818,1.0,1,3.0,3.0,0.0,False,False,90.2639727,
1782716400000000000,execution,SELL,SELL,turtle_short_failsafe,1782716460000000000,60000.89931,1.0,1,1.0,0.0,-1.0,False,False,30.000449655,
1782716460000000000,execution,SELL,SELL,turtle_short_add,1782716520000000000,59926.70673,1.0,1,1.0,-1.0,-2.0,True,False,29.963353365,
1782716460000000000,execution,SELL,SELL,turtle_short_add,1782716520000000000,59926.70673,1.0,1,1.0,-2.0,-3.0,True,False,29.963353365,
1782717240000000000,execution,EXIT,FLAT,turtle_short_trailing_exit,1782717300000000000,60059.0053,1.0,1,3.0,-3.0,0.0,False,False,90.08850795000001,
1782720000012999936,funding,,FUNDING,perpetual_funding_settlement,,59995.4,,,,0.0,0.0,False,False,,-0.0
1782720420000000000,execution,SELL,SELL,turtle_short_failsafe,1782720480000000000,59867.21268,1.0,1,1.0,0.0,-1.0,False,False,29.93360634,
1782720480000000000,execution,SELL,SELL,turtle_short_add,1782720540000000000,59943.80502000001,1.0,1,1.0,-1.0,-2.0,True,False,29.971902510000003,
1782720540000000000,execution,EXIT,FLAT,turtle_short_stop,1782720600000000000,59956.79508,1.0,1,2.0,-2.0,0.0,False,True,59.956795080000006,
1782721380000000000,execution,SELL,SELL,turtle_short_breakout,1782721440000000000,59841.0153,1.0,1,1.0,0.0,-1.0,False,False,29.92050765,
1782721500000000000,execution,SELL,SELL,turtle_short_add,1782721560000000000,59846.314770000005,1.0,1,1.0,-1.0,-2.0,True,False,29.923157385000003,
1782721560000000000,execution,SELL,SELL,turtle_short_add,1782721620000000000,59788.0206,1.0,1,1.0,-2.0,-3.0,True,False,29.8940103,
1782722220000000000,execution,EXIT,FLAT,turtle_short_trailing_exit,1782722280000000000,59873.48675,1.0,1,3.0,-3.0,0.0,False,False,89.810230125,
1782724500000000000,execution,BUY,BUY,turtle_long_failsafe,1782724560000000000,59986.9981,1.0,1,1.0,0.0,1.0,False,False,29.99349905,
1782724560000000000,execution,BUY,BUY,turtle_long_add,1782724620000000000,60026.60206,1.0,1,1.0,1.0,2.0,True,False,30.01330103,
1782724620000000000,execution,BUY,BUY,turtle_long_add,1782724680000000000,60036.803080000005,1.0,1,1.0,2.0,3.0,True,False,30.018401540000003,
1782724920000000000,execution,EXIT,FLAT,turtle_long_stop,1782724980000000000,59942.50515,1.0,1,3.0,3.0,0.0,False,True,89.91375772500001,
1782725100000000000,execution,SELL,SELL,turtle_short_breakout,1782725160000000000,59794.219979999994,1.0,1,1.0,0.0,-1.0,False,False,29.897109989999997,
1782725160000000000,execution,SELL,SELL,turtle_short_add,1782725220000000000,59787.92061,1.0,1,1.0,-1.0,-2.0,True,False,29.893960305,
1782725160000000000,execution,SELL,SELL,turtle_short_add,1782725220000000000,59787.92061,1.0,1,1.0,-2.0,-3.0,True,False,29.893960305,
1782725220000000000,execution,EXIT,FLAT,turtle_short_stop,1782725280000000000,59936.19302,1.0,1,3.0,-3.0,0.0,False,True,89.90428953,
1782726300000000000,execution,BUY,BUY,turtle_long_breakout,1782726360000000000,59991.69856999999,1.0,1,1.0,0.0,1.0,False,False,29.995849285,
1782726420000000000,execution,BUY,BUY,turtle_long_add,1782726480000000000,60036.703069999996,1.0,1,1.0,1.0,2.0,True,False,30.018351534999997,
1782726420000000000,execution,BUY,BUY,turtle_long_add,1782726480000000000,60036.703069999996,1.0,1,1.0,2.0,3.0,True,False,30.018351534999997,
1782726660000000000,execution,EXIT,FLAT,turtle_long_stop,1782726720000000000,59903.0091,1.0,1,3.0,3.0,0.0,False,True,89.85451365000002,
1782726960000000000,execution,BUY,BUY,turtle_long_breakout,1782727020000000000,60016.701069999996,1.0,1,1.0,0.0,1.0,False,False,30.008350534999998,
1782727200000000000,execution,BUY,BUY,turtle_long_add,1782727260000000000,60079.207319999994,1.0,1,1.0,1.0,2.0,True,False,30.039603659999997,
1782727260000000000,execution,BUY,BUY,turtle_long_add,1782727320000000000,60119.51135,1.0,1,1.0,2.0,3.0,True,False,30.059755675,
1782728880000000000,execution,EXIT,FLAT,turtle_long_trailing_exit,1782728940000000000,60187.680629999995,1.0,1,3.0,3.0,0.0,False,False,90.281520945,
1782730920000000000,execution,SELL,SELL,turtle_short_failsafe,1782730980000000000,60008.89851,1.0,1,1.0,0.0,-1.0,False,False,30.004449255,
1782730980000000000,execution,SELL,SELL,turtle_short_add,1782731040000000000,59993.0001,1.0,1,1.0,-1.0,-2.0,True,False,29.996500049999998,
1782730980000000000,execution,SELL,SELL,turtle_short_add,1782731040000000000,59993.0001,1.0,1,1.0,-2.0,-3.0,True,False,29.996500049999998,
1782732360000000000,execution,EXIT,FLAT,turtle_short_trailing_exit,1782732420000000000,59967.29613,1.0,1,3.0,-3.0,0.0,False,False,89.950944195,
1782732660000000000,execution,BUY,BUY,turtle_long_failsafe,1782732720000000000,60075.106909999995,1.0,1,1.0,0.0,1.0,False,False,30.037553454999998,
1782732780000000000,execution,EXIT,FLAT,turtle_long_stop,1782732840000000000,59945.0049,1.0,1,1.0,1.0,0.0,False,True,29.97250245,
1782733140000000000,execution,SELL,SELL,turtle_short_breakout,1782733200000000000,59801.11929,1.0,1,1.0,0.0,-1.0,False,False,29.900559645,
1782733200000000000,execution,SELL,SELL,turtle_short_add,1782733260000000000,59797.51965,1.0,1,1.0,-1.0,-2.0,True,False,29.898759825000003,
1782733740000000000,execution,SELL,SELL,turtle_short_add,1782733800000000000,59767.52265,1.0,1,1.0,-2.0,-3.0,True,False,29.883761325000002,
1782734160000000000,execution,EXIT,FLAT,turtle_short_trailing_exit,1782734220000000000,59889.28833,1.0,1,3.0,-3.0,0.0,False,False,89.833932495,
1782734400000000000,execution,SELL,SELL,turtle_short_failsafe,1782734460000000000,59750.0244,1.0,1,1.0,0.0,-1.0,False,False,29.8750122,
1782734460000000000,execution,SELL,SELL,turtle_short_add,1782734520000000000,59770.422360000004,1.0,1,1.0,-1.0,-2.0,True,False,29.885211180000002,
1782734460000000000,execution,SELL,SELL,turtle_short_add,1782734520000000000,59770.422360000004,1.0,1,1.0,-2.0,-3.0,True,False,29.885211180000002,
1782734520000000000,execution,EXIT,FLAT,turtle_short_trailing_exit,1782734580000000000,60106.31003,1.0,1,3.0,-3.0,0.0,False,False,90.159465045,
1782734580000000000,execution,BUY,BUY,turtle_long_failsafe,1782734640000000000,60255.92499,1.0,1,1.0,0.0,1.0,False,False,30.127962495000002,
1782734640000000000,execution,BUY,BUY,turtle_long_add,1782734700000000000,60323.73177,1.0,1,1.0,1.0,2.0,True,False,30.161865885,
1782734640000000000,execution,BUY,BUY,turtle_long_add,1782734700000000000,60323.73177,1.0,1,1.0,2.0,3.0,True,False,30.161865885,
1782735780000000000,execution,EXIT,FLAT,turtle_long_trailing_exit,1782735840000000000,60398.359560000004,1.0,1,3.0,3.0,0.0,False,False,90.59753934000001,
1782740280000000000,execution,SELL,SELL,turtle_short_failsafe,1782740340000000000,59785.52085,1.0,1,1.0,0.0,-1.0,False,False,29.892760425000002,
1782740400000000000,execution,SELL,SELL,turtle_short_add,1782740460000000000,59742.82512,1.0,1,1.0,-1.0,-2.0,True,False,29.87141256,
1782740400000000000,execution,SELL,SELL,turtle_short_add,1782740460000000000,59742.82512,1.0,1,1.0,-2.0,-3.0,True,False,29.87141256,
1782742920000000000,execution,EXIT,FLAT,turtle_short_trailing_exit,1782742980000000000,59185.918,1.0,1,3.0,-3.0,0.0,False,False,88.778877,
1782747060000000000,execution,BUY,BUY,turtle_long_failsafe,1782747120000000000,59557.9552,1.0,1,1.0,0.0,1.0,False,False,29.778977599999997,
1782747120000000000,execution,BUY,BUY,turtle_long_add,1782747180000000000,59645.76398,1.0,1,1.0,1.0,2.0,True,False,29.822881990000003,
1782747120000000000,execution,BUY,BUY,turtle_long_add,1782747180000000000,59645.76398,1.0,1,1.0,2.0,3.0,True,False,29.822881990000003,
1782748680000000000,execution,EXIT,FLAT,turtle_long_trailing_exit,1782748740000000000,59798.719529999995,1.0,1,3.0,3.0,0.0,False,False,89.69807929499999,
1782748800004000000,funding,,FUNDING,perpetual_funding_settlement,,59797.8,,,,0.0,0.0,False,False,,-0.0
1782750480000000000,execution,SELL,SELL,turtle_short_failsafe,1782750540000000000,59561.44326,1.0,1,1.0,0.0,-1.0,False,False,29.780721630000002,
1782750600000000000,execution,EXIT,FLAT,turtle_short_stop,1782750660000000000,59706.27003,1.0,1,1.0,-1.0,0.0,False,True,29.853135015,
1782751020000000000,execution,BUY,BUY,turtle_long_breakout,1782751080000000000,59790.17842,1.0,1,1.0,0.0,1.0,False,False,29.89508921,
1782751140000000000,execution,BUY,BUY,turtle_long_add,1782751200000000000,59816.68107,1.0,1,1.0,1.0,2.0,True,False,29.908340535,
1782751200000000000,execution,BUY,BUY,turtle_long_add,1782751260000000000,59825.48195,1.0,1,1.0,2.0,3.0,True,False,29.912740975000002,
1782752100000000000,execution,EXIT,FLAT,turtle_long_trailing_exit,1782752160000000000,59809.51845,1.0,1,3.0,3.0,0.0,False,False,89.714277675,
1782752580000000000,execution,BUY,BUY,turtle_long_failsafe,1782752640000000000,60132.51265,1.0,1,1.0,0.0,1.0,False,False,30.066256324999998,
1782752640000000000,execution,BUY,BUY,turtle_long_add,1782752700000000000,60146.61406,1.0,1,1.0,1.0,2.0,True,False,30.073307030000002,
1782752640000000000,execution,BUY,BUY,turtle_long_add,1782752700000000000,60146.61406,1.0,1,1.0,2.0,3.0,True,False,30.073307030000002,
1782753840000000000,execution,EXIT,FLAT,turtle_long_trailing_exit,1782753900000000000,60409.25847,1.0,1,3.0,3.0,0.0,False,False,90.613887705,
1782754200000000000,execution,BUY,BUY,turtle_long_failsafe,1782754260000000000,60655.16491,1.0,1,1.0,0.0,1.0,False,False,30.327582455,
1782754500000000000,execution,EXIT,FLAT,turtle_long_stop,1782754560000000000,60443.955,1.0,1,1.0,1.0,0.0,False,True,30.2219775,
1782754680000000000,execution,SELL,SELL,turtle_short_breakout,1782754740000000000,60371.462250000004,1.0,1,1.0,0.0,-1.0,False,False,30.185731125000004,
1782754860000000000,execution,EXIT,FLAT,turtle_short_stop,1782754920000000000,60531.352530000004,1.0,1,1.0,-1.0,0.0,False,True,30.265676265000003,
1782756000000000000,execution,SELL,SELL,turtle_short_breakout,1782756060000000000,60313.168079999996,1.0,1,1.0,0.0,-1.0,False,False,30.15658404,
1782756060000000000,execution,SELL,SELL,turtle_short_add,1782756120000000000,60409.25847,1.0,1,1.0,-1.0,-2.0,True,False,30.204629235000002,
1782756480000000000,execution,EXIT,FLAT,turtle_short_trailing_exit,1782756540000000000,60464.84588,1.0,1,2.0,-2.0,0.0,False,False,60.46484588,
1782757680000000000,execution,SELL,SELL,turtle_short_failsafe,1782757740000000000,60224.37696,1.0,1,1.0,0.0,-1.0,False,False,30.11218848,
1782757740000000000,execution,SELL,SELL,turtle_short_add,1782757800000000000,60248.374560000004,1.0,1,1.0,-1.0,-2.0,True,False,30.12418728,
1782757740000000000,execution,SELL,SELL,turtle_short_add,1782757800000000000,60248.374560000004,1.0,1,1.0,-2.0,-3.0,True,False,30.12418728,
1782757920000000000,execution,EXIT,FLAT,turtle_short_stop,1782757980000000000,60323.73177,1.0,1,3.0,-3.0,0.0,False,True,90.48559765499999,
1782758220000000000,execution,SELL,SELL,turtle_short_breakout,1782758280000000000,60199.87941,1.0,1,1.0,0.0,-1.0,False,False,30.099939705,
1782759060000000000,execution,SELL,SELL,turtle_short_add,1782759120000000000,60173.38206,1.0,1,1.0,-1.0,-2.0,True,False,30.08669103,
1782759120000000000,execution,SELL,SELL,turtle_short_add,1782759180000000000,60185.380860000005,1.0,1,1.0,-2.0,-3.0,True,False,30.092690430000005,
1782759360000000000,execution,EXIT,FLAT,turtle_short_stop,1782759420000000000,60239.32333,1.0,1,3.0,-3.0,0.0,False,True,90.35898499500001,
1782759600000000000,execution,BUY,BUY,turtle_long_breakout,1782759660000000000,60218.52125,1.0,1,1.0,0.0,1.0,False,False,30.109260625,
1782759660000000000,execution,EXIT,FLAT,turtle_long_stop,1782759720000000000,60177.9816,1.0,1,1.0,1.0,0.0,False,True,30.0889908,
1782759900000000000,execution,SELL,SELL,turtle_short_breakout,1782759960000000000,60131.58624,1.0,1,1.0,0.0,-1.0,False,False,30.06579312,
1782759960000000000,execution,SELL,SELL,turtle_short_add,1782760020000000000,60137.38566,1.0,1,1.0,-1.0,-2.0,True,False,30.06869283,
1782760260000000000,execution,EXIT,FLAT,turtle_short_trailing_exit,1782760320000000000,60244.82388,1.0,1,2.0,-2.0,0.0,False,False,60.244823880000006,
1782760980000000000,execution,BUY,BUY,turtle_long_failsafe,1782761040000000000,60372.53665,1.0,1,1.0,0.0,1.0,False,False,30.186268325,
1782761040000000000,execution,BUY,BUY,turtle_long_add,1782761100000000000,60374.136809999996,1.0,1,1.0,1.0,2.0,True,False,30.187068404999998,
1782761040000000000,execution,BUY,BUY,turtle_long_add,1782761100000000000,60374.136809999996,1.0,1,1.0,2.0,3.0,True,False,30.187068404999998,
1782761640000000000,execution,EXIT,FLAT,turtle_long_trailing_exit,1782761700000000000,60293.57004,1.0,1,3.0,3.0,0.0,False,False,90.44035506,
1782762300000000000,execution,BUY,BUY,turtle_long_failsafe,1782762360000000000,60464.145809999995,1.0,1,1.0,0.0,1.0,False,False,30.232072905,
1782762360000000000,execution,BUY,BUY,turtle_long_add,1782762420000000000,60492.24862,1.0,1,1.0,1.0,2.0,True,False,30.24612431,
1782762420000000000,execution,BUY,BUY,turtle_long_add,1782762480000000000,60448.444240000004,1.0,1,1.0,2.0,3.0,True,False,30.224222120000004,
1782762600000000000,execution,EXIT,FLAT,turtle_long_stop,1782762660000000000,60469.05249,1.0,1,3.0,3.0,0.0,False,True,90.70357873500001,
1782762660000000000,execution,BUY,BUY,turtle_long_breakout,1782762720000000000,60519.351330000005,1.0,1,1.0,0.0,1.0,False,False,30.259675665000003,
1782762780000000000,execution,BUY,BUY,turtle_long_add,1782762840000000000,60478.84728,1.0,1,1.0,1.0,2.0,True,False,30.239423640000002,
1782762840000000000,execution,EXIT,FLAT,turtle_long_stop,1782762900000000000,60445.05489,1.0,1,2.0,2.0,0.0,False,True,60.44505489,
1782764100000000000,execution,SELL,SELL,turtle_short_breakout,1782764160000000000,60380.06139,1.0,1,1.0,0.0,-1.0,False,False,30.190030695,
1782764160000000000,execution,SELL,SELL,turtle_short_add,1782764220000000000,60382.36116,1.0,1,1.0,-1.0,-2.0,True,False,30.19118058,
1782764280000000000,execution,SELL,SELL,turtle_short_add,1782764340000000000,60331.46625,1.0,1,1.0,-2.0,-3.0,True,False,30.165733125,
1782764640000000000,execution,EXIT,FLAT,turtle_short_trailing_exit,1782764700000000000,60409.64036,1.0,1,3.0,-3.0,0.0,False,False,90.61446054,
1782765900000000000,execution,SELL,SELL,turtle_short_failsafe,1782765960000000000,60321.06729,1.0,1,1.0,0.0,-1.0,False,False,30.160533645,
1782766260000000000,execution,SELL,SELL,turtle_short_add,1782766320000000000,60287.9706,1.0,1,1.0,-1.0,-2.0,True,False,30.1439853,
1782766260000000000,execution,SELL,SELL,turtle_short_add,1782766320000000000,60287.9706,1.0,1,1.0,-2.0,-3.0,True,False,30.1439853,
1782766980000000000,execution,EXIT,FLAT,turtle_short_trailing_exit,1782767040000000000,60295.12891,1.0,1,3.0,-3.0,0.0,False,False,90.442693365,
1782767040000000000,execution,SELL,SELL,turtle_short_failsafe,1782767100000000000,60258.47355,1.0,1,1.0,0.0,-1.0,False,False,30.129236775000003,
1782767100000000000,execution,SELL,SELL,turtle_short_add,1782767160000000000,60240.9753,1.0,1,1.0,-1.0,-2.0,True,False,30.12048765,
1782767100000000000,execution,SELL,SELL,turtle_short_add,1782767160000000000,60240.9753,1.0,1,1.0,-2.0,-3.0,True,False,30.12048765,
1782767220000000000,execution,EXIT,FLAT,turtle_short_stop,1782767280000000000,60311.130509999995,1.0,1,3.0,-3.0,0.0,False,True,90.466695765,
1782767580000000000,execution,BUY,BUY,turtle_long_breakout,1782767640000000000,60379.437340000004,1.0,1,1.0,0.0,1.0,False,False,30.18971867,
1782767640000000000,execution,BUY,BUY,turtle_long_add,1782767700000000000,60389.83838,1.0,1,1.0,1.0,2.0,True,False,30.19491919,
1782767640000000000,execution,BUY,BUY,turtle_long_add,1782767700000000000,60389.83838,1.0,1,1.0,2.0,3.0,True,False,30.19491919,
1782767760000000000,execution,EXIT,FLAT,turtle_long_stop,1782767820000000000,60327.9666,1.0,1,3.0,3.0,0.0,False,True,90.49194990000001,
1782768780000000000,execution,BUY,BUY,turtle_long_breakout,1782768840000000000,60410.14041,1.0,1,1.0,0.0,1.0,False,False,30.205070205000002,
1782768840000000000,execution,BUY,BUY,turtle_long_add,1782768900000000000,60389.138309999995,1.0,1,1.0,1.0,2.0,True,False,30.194569154999996,
1782769140000000000,execution,BUY,BUY,turtle_long_add,1782769200000000000,60452.944690000004,1.0,1,1.0,2.0,3.0,True,False,30.226472345,
1782770280000000000,execution,EXIT,FLAT,turtle_long_trailing_exit,1782770340000000000,60454.253970000005,1.0,1,3.0,3.0,0.0,False,False,90.68138095500001,
1782772500000000000,execution,SELL,SELL,turtle_short_failsafe,1782772560000000000,60315.567839999996,1.0,1,1.0,0.0,-1.0,False,False,30.15778392,
1782772560000000000,execution,SELL,SELL,turtle_short_add,1782772620000000000,60322.86711,1.0,1,1.0,-1.0,-2.0,True,False,30.161433555,
1782772980000000000,execution,EXIT,FLAT,turtle_short_stop,1782773040000000000,60368.93629,1.0,1,2.0,-2.0,0.0,False,True,60.36893629,
1782773640000000000,execution,BUY,BUY,turtle_long_breakout,1782773700000000000,60408.040199999996,1.0,1,1.0,0.0,1.0,False,False,30.204020099999997,
1782773820000000000,execution,EXIT,FLAT,turtle_long_trailing_exit,1782773880000000000,60316.66773,1.0,1,1.0,1.0,0.0,False,False,30.158333865,
1782774360000000000,execution,SELL,SELL,turtle_short_failsafe,1782774420000000000,60310.46835,1.0,1,1.0,0.0,-1.0,False,False,30.155234175,
1782774600000000000,execution,SELL,SELL,turtle_short_add,1782774660000000000,60298.66953,1.0,1,1.0,-1.0,-2.0,True,False,30.149334765,
1782774960000000000,execution,EXIT,FLAT,turtle_short_trailing_exit,1782775020000000000,60333.33273,1.0,1,2.0,-2.0,0.0,False,False,60.33333273,
1782775200000000000,execution,SELL,SELL,turtle_short_failsafe,1782775260000000000,60266.07279,1.0,1,1.0,0.0,-1.0,False,False,30.133036395,
1782775260000000000,execution,SELL,SELL,turtle_short_add,1782775320000000000,60247.17468,1.0,1,1.0,-1.0,-2.0,True,False,30.12358734,
1782775260000000000,execution,SELL,SELL,turtle_short_add,1782775320000000000,60247.17468,1.0,1,1.0,-2.0,-3.0,True,False,30.12358734,
1782776040000000000,execution,EXIT,FLAT,turtle_short_trailing_exit,1782776100000000000,60231.72257,1.0,1,3.0,-3.0,0.0,False,False,90.34758385500001,
1782777600000000000,funding,,FUNDING,perpetual_funding_settlement,,60188.0,,,,0.0,0.0,False,False,,-0.0
1782778200000000000,execution,SELL,SELL,turtle_short_failsafe,1782778260000000000,60148.38456,1.0,1,1.0,0.0,-1.0,False,False,30.07419228,
1782778260000000000,execution,EXIT,FLAT,turtle_short_stop,1782778320000000000,60208.82028,1.0,1,1.0,-1.0,0.0,False,True,30.10441014,
1782778800000000000,execution,SELL,SELL,turtle_short_breakout,1782778860000000000,60106.38876,1.0,1,1.0,0.0,-1.0,False,False,30.05319438,
1782778860000000000,execution,SELL,SELL,turtle_short_add,1782778920000000000,60082.39116,1.0,1,1.0,-1.0,-2.0,True,False,30.04119558,
1782778920000000000,execution,SELL,SELL,turtle_short_add,1782778980000000000,60075.89181,1.0,1,1.0,-2.0,-3.0,True,False,30.037945905,
1782780780000000000,execution,EXIT,FLAT,turtle_short_trailing_exit,1782780840000000000,59868.58626,1.0,1,3.0,-3.0,0.0,False,False,89.80287938999999,
1782782760000000000,execution,BUY,BUY,turtle_long_failsafe,1782782820000000000,60015.70097,1.0,1,1.0,0.0,1.0,False,False,30.007850485,
1782782820000000000,execution,BUY,BUY,turtle_long_add,1782782880000000000,60000.099409999995,1.0,1,1.0,1.0,2.0,True,False,30.000049705,
1782783420000000000,execution,EXIT,FLAT,turtle_long_trailing_exit,1782783480000000000,59879.0115,1.0,1,2.0,2.0,0.0,False,False,59.879011500000004,
1782785520000000000,execution,SELL,SELL,turtle_short_failsafe,1782785580000000000,59749.12449,1.0,1,1.0,0.0,-1.0,False,False,29.874562245,
1782785580000000000,execution,SELL,SELL,turtle_short_add,1782785640000000000,59749.12449,1.0,1,1.0,-1.0,-2.0,True,False,29.874562245,
1782785760000000000,execution,SELL,SELL,turtle_short_add,1782785820000000000,59732.42616,1.0,1,1.0,-2.0,-3.0,True,False,29.86621308,
1782785940000000000,execution,EXIT,FLAT,turtle_short_stop,1782786000000000000,59793.37874,1.0,1,3.0,-3.0,0.0,False,True,89.69006811,
1782786180000000000,execution,BUY,BUY,turtle_long_breakout,1782786240000000000,59900.38944,1.0,1,1.0,0.0,1.0,False,False,29.95019472,
1782786300000000000,execution,BUY,BUY,turtle_long_add,1782786360000000000,59935.993,1.0,1,1.0,1.0,2.0,True,False,29.9679965,
1782786300000000000,execution,BUY,BUY,turtle_long_add,1782786360000000000,59935.993,1.0,1,1.0,2.0,3.0,True,False,29.9679965,
1782788160000000000,execution,EXIT,FLAT,turtle_long_trailing_exit,1782788220000000000,59960.90331,1.0,1,3.0,3.0,0.0,False,False,89.941354965,
1782789840000000000,execution,SELL,SELL,turtle_short_failsafe,1782789900000000000,59796.31977,1.0,1,1.0,0.0,-1.0,False,False,29.898159885000002,
1782789900000000000,execution,SELL,SELL,turtle_short_add,1782789960000000000,59821.51725,1.0,1,1.0,-1.0,-2.0,True,False,29.910758625,
1782790260000000000,execution,SELL,SELL,turtle_short_add,1782790320000000000,59774.321970000005,1.0,1,1.0,-2.0,-3.0,True,False,29.887160985,
1782793560000000000,execution,EXIT,FLAT,turtle_short_trailing_exit,1782793620000000000,59513.450749999996,1.0,1,3.0,-3.0,0.0,False,False,89.270176125,
1782796260000000000,execution,SELL,SELL,turtle_short_failsafe,1782796320000000000,59366.56275,1.0,1,1.0,0.0,-1.0,False,False,29.683281375,
1782796320000000000,execution,SELL,SELL,turtle_short_add,1782796380000000000,59344.16499,1.0,1,1.0,-1.0,-2.0,True,False,29.672082494999998,
1782796320000000000,execution,SELL,SELL,turtle_short_add,1782796380000000000,59344.16499,1.0,1,1.0,-2.0,-3.0,True,False,29.672082494999998,
1782796860000000000,execution,EXIT,FLAT,turtle_short_stop,1782796920000000000,59411.24053,1.0,1,3.0,-3.0,0.0,False,True,89.11686079500001,
1782797760000000000,execution,SELL,SELL,turtle_short_breakout,1782797820000000000,59334.066,1.0,1,1.0,0.0,-1.0,False,False,29.667033,
1782797880000000000,execution,EXIT,FLAT,turtle_short_trailing_exit,1782797940000000000,59414.84089,1.0,1,1.0,-1.0,0.0,False,False,29.707420445,
1782798180000000000,execution,BUY,BUY,turtle_long_failsafe,1782798240000000000,59536.35304,1.0,1,1.0,0.0,1.0,False,False,29.76817652,
1782798300000000000,execution,BUY,BUY,turtle_long_add,1782798360000000000,59529.35234,1.0,1,1.0,1.0,2.0,True,False,29.764676169999998,
1782798480000000000,execution,BUY,BUY,turtle_long_add,1782798540000000000,59588.15822,1.0,1,1.0,2.0,3.0,True,False,29.79407911,
1782799500000000000,execution,EXIT,FLAT,turtle_long_trailing_exit,1782799560000000000,59521.247279999996,1.0,1,3.0,3.0,0.0,False,False,89.28187091999999,
1782800940000000000,execution,BUY,BUY,turtle_long_failsafe,1782801000000000000,59675.06691,1.0,1,1.0,0.0,1.0,False,False,29.837533455000003,
1782801000000000000,execution,BUY,BUY,turtle_long_add,1782801060000000000,59628.46225,1.0,1,1.0,1.0,2.0,True,False,29.814231125,
1782801000000000000,execution,BUY,BUY,turtle_long_add,1782801060000000000,59628.46225,1.0,1,1.0,2.0,3.0,True,False,29.814231125,
1782801120000000000,execution,EXIT,FLAT,turtle_long_stop,1782801180000000000,59595.83982,1.0,1,3.0,3.0,0.0,False,True,89.39375973000001,
1782802920000000000,execution,BUY,BUY,turtle_long_breakout,1782802980000000000,59589.35834,1.0,1,1.0,0.0,1.0,False,False,29.79467917,
1782803100000000000,execution,EXIT,FLAT,turtle_long_stop,1782803160000000000,59530.846320000004,1.0,1,1.0,1.0,0.0,False,True,29.76542316,
1782803280000000000,execution,SELL,SELL,turtle_short_breakout,1782803340000000000,59482.75113,1.0,1,1.0,0.0,-1.0,False,False,29.741375565,
1782803340000000000,execution,SELL,SELL,turtle_short_add,1782803400000000000,59461.753229999995,1.0,1,1.0,-1.0,-2.0,True,False,29.730876615,
1782803340000000000,execution,SELL,SELL,turtle_short_add,1782803400000000000,59461.753229999995,1.0,1,1.0,-2.0,-3.0,True,False,29.730876615,
1782804300000000000,execution,EXIT,FLAT,turtle_short_trailing_exit,1782804360000000000,59516.65107,1.0,1,3.0,-3.0,0.0,False,False,89.274976605,
1782806400000000000,funding,,FUNDING,perpetual_funding_settlement,,59508.1,,,,0.0,0.0,False,False,,-0.0
1782807180000000000,execution,SELL,SELL,turtle_short_failsafe,1782807240000000000,59411.15829,1.0,1,1.0,0.0,-1.0,False,False,29.705579145,
1782807240000000000,execution,SELL,SELL,turtle_short_add,1782807300000000000,59399.0595,1.0,1,1.0,-1.0,-2.0,True,False,29.699529750000004,
1782807300000000000,execution,SELL,SELL,turtle_short_add,1782807360000000000,59358.66354,1.0,1,1.0,-2.0,-3.0,True,False,29.67933177,
1782807900000000000,execution,EXIT,FLAT,turtle_short_trailing_exit,1782807960000000000,59398.439249999996,1.0,1,3.0,-3.0,0.0,False,False,89.097658875,
1782808440000000000,execution,SELL,SELL,turtle_short_failsafe,1782808500000000000,59290.57035,1.0,1,1.0,0.0,-1.0,False,False,29.645285175,
1782808500000000000,execution,SELL,SELL,turtle_short_add,1782808560000000000,59269.472460000005,1.0,1,1.0,-1.0,-2.0,True,False,29.63473623,
1782808500000000000,execution,SELL,SELL,turtle_short_add,1782808560000000000,59269.472460000005,1.0,1,1.0,-2.0,-3.0,True,False,29.63473623,
1782809640000000000,execution,EXIT,FLAT,turtle_short_trailing_exit,1782809700000000000,59331.9326,1.0,1,3.0,-3.0,0.0,False,False,88.9978989,
1782813000000000000,execution,BUY,BUY,turtle_long_failsafe,1782813060000000000,59390.9385,1.0,1,1.0,0.0,1.0,False,False,29.69546925,
1782813060000000000,execution,BUY,BUY,turtle_long_add,1782813120000000000,59399.9394,1.0,1,1.0,1.0,2.0,True,False,29.6999697,
1782813300000000000,execution,EXIT,FLAT,turtle_long_stop,1782813360000000000,59344.26498,1.0,1,2.0,2.0,0.0,False,True,59.34426498,
1782813900000000000,execution,SELL,SELL,turtle_short_breakout,1782813960000000000,59315.96781,1.0,1,1.0,0.0,-1.0,False,False,29.657983905000002,
1782813960000000000,execution,SELL,SELL,turtle_short_add,1782814020000000000,59341.56525,1.0,1,1.0,-1.0,-2.0,True,False,29.670782625,
1782814020000000000,execution,EXIT,FLAT,turtle_short_trailing_exit,1782814080000000000,59383.9378,1.0,1,2.0,-2.0,0.0,False,False,59.3839378,
1782815760000000000,execution,SELL,SELL,turtle_short_failsafe,1782815820000000000,59266.472760000004,1.0,1,1.0,0.0,-1.0,False,False,29.633236380000003,
1782815820000000000,execution,SELL,SELL,turtle_short_add,1782815880000000000,59272.472160000005,1.0,1,1.0,-1.0,-2.0,True,False,29.636236080000003,
1782816180000000000,execution,EXIT,FLAT,turtle_short_stop,1782816240000000000,59308.03021,1.0,1,2.0,-2.0,0.0,False,True,59.30803021,
1782816960000000000,execution,BUY,BUY,turtle_long_breakout,1782817020000000000,59355.83499,1.0,1,1.0,0.0,1.0,False,False,29.677917495000003,
1782817020000000000,execution,BUY,BUY,turtle_long_add,1782817080000000000,59377.03711,1.0,1,1.0,1.0,2.0,True,False,29.688518554999998,
1782817020000000000,execution,BUY,BUY,turtle_long_add,1782817080000000000,59377.03711,1.0,1,1.0,2.0,3.0,True,False,29.688518554999998,
1782817140000000000,execution,EXIT,FLAT,turtle_long_stop,1782817200000000000,59297.769629999995,1.0,1,3.0,3.0,0.0,False,True,88.946654445,
1782817560000000000,execution,BUY,BUY,turtle_long_breakout,1782817620000000000,59382.43765,1.0,1,1.0,0.0,1.0,False,False,29.691218825,
1782818160000000000,execution,EXIT,FLAT,turtle_long_trailing_exit,1782818220000000000,59327.0667,1.0,1,1.0,1.0,0.0,False,False,29.66353335,
1782818520000000000,execution,SELL,SELL,turtle_short_failsafe,1782818580000000000,59259.77343,1.0,1,1.0,0.0,-1.0,False,False,29.629886715,
1782818580000000000,execution,SELL,SELL,turtle_short_add,1782818640000000000,59245.874820000005,1.0,1,1.0,-1.0,-2.0,True,False,29.622937410000002,
1782818580000000000,execution,SELL,SELL,turtle_short_add,1782818640000000000,59245.874820000005,1.0,1,1.0,-2.0,-3.0,True,False,29.622937410000002,
1782819720000000000,execution,EXIT,FLAT,turtle_short_trailing_exit,1782819780000000000,59210.32044,1.0,1,3.0,-3.0,0.0,False,False,88.81548066,
1782820860000000000,execution,SELL,SELL,turtle_short_failsafe,1782820920000000000,59108.98851,1.0,1,1.0,0.0,-1.0,False,False,29.554494255,
1782820920000000000,execution,SELL,SELL,turtle_short_add,1782820980000000000,59057.59365,1.0,1,1.0,-1.0,-2.0,True,False,29.528796825,
1782820980000000000,execution,SELL,SELL,turtle_short_add,1782821040000000000,59029.0965,1.0,1,1.0,-2.0,-3.0,True,False,29.51454825,
1782824880000000000,execution,EXIT,FLAT,turtle_short_trailing_exit,1782824940000000000,58511.95061,1.0,1,3.0,-3.0,0.0,False,False,87.767925915,
1782826440000000000,execution,SELL,SELL,turtle_short_failsafe,1782826500000000000,58344.66495,1.0,1,1.0,0.0,-1.0,False,False,29.172332475,
1782826500000000000,execution,SELL,SELL,turtle_short_add,1782826560000000000,58245.77484,1.0,1,1.0,-1.0,-2.0,True,False,29.12288742,
1782826800000000000,execution,EXIT,FLAT,turtle_short_stop,1782826860000000000,58508.65028,1.0,1,2.0,-2.0,0.0,False,True,58.508650280000005,
1782827460000000000,execution,BUY,BUY,turtle_long_breakout,1782827520000000000,58701.8696,1.0,1,1.0,0.0,1.0,False,False,29.3509348,
1782828000000000000,execution,BUY,BUY,turtle_long_add,1782828060000000000,58746.37405,1.0,1,1.0,1.0,2.0,True,False,29.373187025,
1782828060000000000,execution,BUY,BUY,turtle_long_add,1782828120000000000,59061.50556,1.0,1,1.0,2.0,3.0,True,False,29.53075278,
1782829860000000000,execution,EXIT,FLAT,turtle_long_trailing_exit,1782829920000000000,58911.50826,1.0,1,3.0,3.0,0.0,False,False,88.36726239000001,
1782831240000000000,execution,SELL,SELL,turtle_short_failsafe,1782831300000000000,58476.851729999995,1.0,1,1.0,0.0,-1.0,False,False,29.238425864999996,
1782831300000000000,execution,SELL,SELL,turtle_short_add,1782831360000000000,58454.154,1.0,1,1.0,-1.0,-2.0,True,False,29.227077,
1782831360000000000,execution,SELL,SELL,turtle_short_add,1782831420000000000,58446.354779999994,1.0,1,1.0,-2.0,-3.0,True,False,29.223177389999996,
1782833100000000000,execution,EXIT,FLAT,turtle_short_trailing_exit,1782833160000000000,58429.04231999999,1.0,1,3.0,-3.0,0.0,False,False,87.64356347999998,
1782834360000000000,execution,BUY,BUY,turtle_long_failsafe,1782834420000000000,58636.96311,1.0,1,1.0,0.0,1.0,False,False,29.318481554999998,
1782834720000000000,execution,EXIT,FLAT,turtle_long_stop,1782834780000000000,58508.948520000005,1.0,1,1.0,1.0,0.0,False,True,29.254474260000002,
1782835200005000192,funding,,FUNDING,perpetual_funding_settlement,,58428.8,,,,0.0,0.0,False,False,,-0.0
1782836100000000000,execution,SELL,SELL,turtle_short_breakout,1782836160000000000,58351.86423,1.0,1,1.0,0.0,-1.0,False,False,29.175932115000002,
1782836700000000000,execution,SELL,SELL,turtle_short_add,1782836760000000000,58250.57436,1.0,1,1.0,-1.0,-2.0,True,False,29.12528718,
1782836700000000000,execution,SELL,SELL,turtle_short_add,1782836760000000000,58250.57436,1.0,1,1.0,-2.0,-3.0,True,False,29.12528718,
1782837240000000000,execution,EXIT,FLAT,turtle_short_trailing_exit,1782837300000000000,58380.03741999999,1.0,1,3.0,-3.0,0.0,False,False,87.57005612999998,
1782839220000000000,execution,BUY,BUY,turtle_long_failsafe,1782839280000000000,58578.65728,1.0,1,1.0,0.0,1.0,False,False,29.28932864,
1782839280000000000,execution,BUY,BUY,turtle_long_add,1782839340000000000,58578.65728,1.0,1,1.0,1.0,2.0,True,False,29.28932864,
1782839460000000000,execution,EXIT,FLAT,turtle_long_stop,1782839520000000000,58487.1507,1.0,1,2.0,2.0,0.0,False,True,58.4871507,
1782839580000000000,execution,SELL,SELL,turtle_short_breakout,1782839640000000000,58364.262989999996,1.0,1,1.0,0.0,-1.0,False,False,29.182131495,
1782839640000000000,execution,SELL,SELL,turtle_short_add,1782839700000000000,58382.06121,1.0,1,1.0,-1.0,-2.0,True,False,29.191030605,
1782840420000000000,execution,SELL,SELL,turtle_short_add,1782840480000000000,58351.86423,1.0,1,1.0,-2.0,-3.0,True,False,29.175932115000002,
1782840780000000000,execution,EXIT,FLAT,turtle_short_trailing_exit,1782840840000000000,58433.04272,1.0,1,3.0,-3.0,0.0,False,False,87.64956408,
1782841620000000000,execution,SELL,SELL,turtle_short_failsafe,1782841680000000000,58295.1699,1.0,1,1.0,0.0,-1.0,False,False,29.147584950000002,
1782841740000000000,execution,SELL,SELL,turtle_short_add,1782841800000000000,58290.07041,1.0,1,1.0,-1.0,-2.0,True,False,29.145035205,
1782841920000000000,execution,EXIT,FLAT,turtle_short_stop,1782841980000000000,58377.23714,1.0,1,2.0,-2.0,0.0,False,True,58.37723714,
1782842400000000000,execution,BUY,BUY,turtle_long_breakout,1782842460000000000,58448.34425,1.0,1,1.0,0.0,1.0,False,False,29.224172125000003,
1782842460000000000,execution,BUY,BUY,turtle_long_add,1782842520000000000,58397.93921,1.0,1,1.0,1.0,2.0,True,False,29.198969605,
1782842580000000000,execution,EXIT,FLAT,turtle_long_trailing_exit,1782842640000000000,58351.364279999994,1.0,1,2.0,2.0,0.0,False,False,58.35136428,
1782843180000000000,execution,BUY,BUY,turtle_long_failsafe,1782843240000000000,58450.54446999999,1.0,1,1.0,0.0,1.0,False,False,29.225272235,
1782843420000000000,execution,BUY,BUY,turtle_long_add,1782843480000000000,58513.15073,1.0,1,1.0,1.0,2.0,True,False,29.256575365,
1782843420000000000,execution,BUY,BUY,turtle_long_add,1782843480000000000,58513.15073,1.0,1,1.0,2.0,3.0,True,False,29.256575365,
1782843840000000000,execution,EXIT,FLAT,turtle_long_trailing_exit,1782843900000000000,58404.159,1.0,1,3.0,3.0,0.0,False,False,87.6062385,
1782846060000000000,execution,BUY,BUY,turtle_long_failsafe,1782846120000000000,58654.564869999995,1.0,1,1.0,0.0,1.0,False,False,29.327282434999997,
1782846120000000000,execution,BUY,BUY,turtle_long_add,1782846180000000000,58637.963209999994,1.0,1,1.0,1.0,2.0,True,False,29.318981604999998,
1782846120000000000,execution,BUY,BUY,turtle_long_add,1782846180000000000,58637.963209999994,1.0,1,1.0,2.0,3.0,True,False,29.318981604999998,
1782846180000000000,execution,EXIT,FLAT,turtle_long_trailing_exit,1782846240000000000,58646.63475,1.0,1,3.0,3.0,0.0,False,False,87.96995212499999,
1782847860000000000,execution,BUY,BUY,turtle_long_failsafe,1782847920000000000,58742.8737,1.0,1,1.0,0.0,1.0,False,False,29.37143685,
1782847920000000000,execution,BUY,BUY,turtle_long_add,1782847980000000000,58709.17033,1.0,1,1.0,1.0,2.0,True,False,29.354585165,
1782848100000000000,execution,BUY,BUY,turtle_long_add,1782848160000000000,58768.57627,1.0,1,1.0,2.0,3.0,True,False,29.384288135,
1782848460000000000,execution,EXIT,FLAT,turtle_long_trailing_exit,1782848520000000000,58688.63055,1.0,1,3.0,3.0,0.0,False,False,88.032945825,
1782848940000000000,execution,BUY,BUY,turtle_long_failsafe,1782849000000000000,58801.979609999995,1.0,1,1.0,0.0,1.0,False,False,29.400989805,
1782849000000000000,execution,EXIT,FLAT,turtle_long_stop,1782849060000000000,58721.027310000005,1.0,1,1.0,1.0,0.0,False,True,29.360513655000002,
1782850200000000000,execution,BUY,BUY,turtle_long_breakout,1782850260000000000,58855.78499,1.0,1,1.0,0.0,1.0,False,False,29.427892495000002,
1782850260000000000,execution,BUY,BUY,turtle_long_add,1782850320000000000,58813.68078,1.0,1,1.0,1.0,2.0,True,False,29.406840390000003,
1782850680000000000,execution,EXIT,FLAT,turtle_long_stop,1782850740000000000,58764.72294,1.0,1,2.0,2.0,0.0,False,True,58.76472294,
1782850800000000000,execution,SELL,SELL,turtle_short_breakout,1782850860000000000,58704.52896,1.0,1,1.0,0.0,-1.0,False,False,29.352264480000002,
1782850860000000000,execution,SELL,SELL,turtle_short_add,1782850920000000000,58694.13,1.0,1,1.0,-1.0,-2.0,True,False,29.347065,
1782850860000000000,execution,SELL,SELL,turtle_short_add,1782850920000000000,58694.13,1.0,1,1.0,-2.0,-3.0,True,False,29.347065,
1782852420000000000,execution,EXIT,FLAT,turtle_short_trailing_exit,1782852480000000000,58754.77489,1.0,1,3.0,-3.0,0.0,False,False,88.132162335,
1782853800000000000,execution,SELL,SELL,turtle_short_failsafe,1782853860000000000,58529.34648,1.0,1,1.0,0.0,-1.0,False,False,29.26467324,
1782853860000000000,execution,SELL,SELL,turtle_short_add,1782853920000000000,58527.94662,1.0,1,1.0,-1.0,-2.0,True,False,29.26397331,
1782854100000000000,execution,EXIT,FLAT,turtle_short_stop,1782854160000000000,58620.46146,1.0,1,2.0,-2.0,0.0,False,True,58.62046146,
1782854520000000000,execution,SELL,SELL,turtle_short_breakout,1782854580000000000,58506.74874,1.0,1,1.0,0.0,-1.0,False,False,29.253374370000003,
1782854580000000000,execution,SELL,SELL,turtle_short_add,1782854640000000000,58489.05051,1.0,1,1.0,-1.0,-2.0,True,False,29.244525255000003,
1782854580000000000,execution,SELL,SELL,turtle_short_add,1782854640000000000,58489.05051,1.0,1,1.0,-2.0,-3.0,True,False,29.244525255000003,
1782854940000000000,execution,EXIT,FLAT,turtle_short_stop,1782855000000000000,58573.556769999996,1.0,1,3.0,-3.0,0.0,False,True,87.860335155,
1782855360000000000,execution,BUY,BUY,turtle_long_breakout,1782855420000000000,58629.362349999996,1.0,1,1.0,0.0,1.0,False,False,29.314681174999997,
1782855420000000000,execution,BUY,BUY,turtle_long_add,1782855480000000000,58619.76139,1.0,1,1.0,1.0,2.0,True,False,29.309880695,
1782855840000000000,execution,EXIT,FLAT,turtle_long_trailing_exit,1782855900000000000,58554.44397,1.0,1,2.0,2.0,0.0,False,False,58.55444397,
1782856980000000000,execution,BUY,BUY,turtle_long_failsafe,1782857040000000000,58675.26694,1.0,1,1.0,0.0,1.0,False,False,29.33763347,
1782857040000000000,execution,EXIT,FLAT,turtle_long_stop,1782857100000000000,58664.73294,1.0,1,1.0,1.0,0.0,False,True,29.33236647,
1782857220000000000,execution,BUY,BUY,turtle_long_breakout,1782857280000000000,58715.07092,1.0,1,1.0,0.0,1.0,False,False,29.35753546,
1782857400000000000,execution,EXIT,FLAT,turtle_long_stop,1782857460000000000,58644.534960000005,1.0,1,1.0,1.0,0.0,False,True,29.322267480000004,
1782857640000000000,execution,BUY,BUY,turtle_long_breakout,1782857700000000000,58709.67038,1.0,1,1.0,0.0,1.0,False,False,29.354835190000003,
1782857940000000000,execution,BUY,BUY,turtle_long_add,1782858000000000000,58759.075319999996,1.0,1,1.0,1.0,2.0,True,False,29.37953766,
1782857940000000000,execution,BUY,BUY,turtle_long_add,1782858000000000000,58759.075319999996,1.0,1,1.0,2.0,3.0,True,False,29.37953766,
1782858060000000000,execution,EXIT,FLAT,turtle_long_stop,1782858120000000000,58664.532960000004,1.0,1,3.0,3.0,0.0,False,True,87.99679944,
1782858420000000000,execution,SELL,SELL,turtle_short_breakout,1782858480000000000,58618.23759,1.0,1,1.0,0.0,-1.0,False,False,29.309118795,
1782858600000000000,execution,SELL,SELL,turtle_short_add,1782858660000000000,58592.540160000004,1.0,1,1.0,-1.0,-2.0,True,False,29.296270080000003,
1782858600000000000,execution,SELL,SELL,turtle_short_add,1782858660000000000,58592.540160000004,1.0,1,1.0,-2.0,-3.0,True,False,29.296270080000003,
1782859680000000000,execution,EXIT,FLAT,turtle_short_trailing_exit,1782859740000000000,58592.95871,1.0,1,3.0,-3.0,0.0,False,False,87.889438065,
1782863400000000000,execution,BUY,BUY,turtle_long_failsafe,1782863460000000000,58630.162430000004,1.0,1,1.0,0.0,1.0,False,False,29.315081215000003,
